<hackpackage>
  <name>HUMS: English Colour Scheme</name>
  <identifier>HUMS-ENGLISH</identifier>
  <description>Colour of menu for courses belonging to English department</description>
  <version>1.0</version>
  <developerName>Matthew Deeprose</developerName>
  <developerInstitution>University of Southampton</developerInstitution>
  <developerURL>http://bit.ly/2IVuG4t</developerURL>
  <developerEmail>M.Deeprose@soton.ac.uk</developerEmail>
  <hook>jsp.topFrame.start</hook>
  <restrictions>
    <restriction>
      <type>ADVANCED</type>
      <value>context.course.courseId =~ &quot;^ENGL.*$&quot; || context.course.courseId =~ &quot;^CMRC6014.*$&quot; || context.course.courseId =~ &quot;^CMRC6014.*$&quot; || context.course.courseId =~ &quot;^HUMA1040.*$&quot; || context.course.courseId =~ &quot;^HUMA3011.*$&quot; || context.course.courseId =~ &quot;^HUMA6015.*$&quot; || context.course.courseId =~ &quot;^HUMA6017.*$&quot;</value>
      <inverse>false</inverse>
    </restriction>
    <restriction>
      <type>ADVANCED</type>
      <value>context.course.courseId =~ &quot;^ENGL3067.*$&quot; || context.course.courseId =~ &quot;^ENGL9001.*$&quot; || context.course.courseId =~ &quot;^ENGL9002.*$&quot; || context.course.courseId =~ &quot;^ENGL9003.*$&quot; || context.course.courseId =~ &quot;^ENGL9004.*$&quot; || context.course.courseId =~ &quot;^ENGL9005.*$&quot; || context.course.courseId =~ &quot;^ENGL9007.*$&quot; || context.course.courseId =~ &quot;^ENGL9008.*$&quot; || context.course.courseId =~ &quot;^ENGL9009.*$&quot; || context.course.courseId =~ &quot;^ENGL9010.*$&quot; || context.course.courseId =~ &quot;^ENGL9011.*$&quot; || context.course.courseId =~ &quot;^ENGL9012.*$&quot; || context.course.courseId =~ &quot;^ENGL9013.*$&quot; || context.course.courseId =~ &quot;^ENGL9014.*$&quot; || context.course.courseId =~ &quot;^ENGL9015.*$&quot; || context.course.courseId =~ &quot;^ENGL9016.*$&quot; || context.course.courseId =~ &quot;^ENGL9042.*$&quot; || context.course.courseId =~ &quot;^ENGL9090.*$&quot; || context.course.courseId =~ &quot;^ENGL9092.*$&quot; || context.course.courseId =~ &quot;^ENGL9092.*$&quot;</value>
      <inverse>true</inverse>
    </restriction>
  </restrictions>
  <resources>
    <resource>
      <path>ENGL-colours.css</path>
      <mime>text/css</mime>
      <embed>false</embed>
    </resource>
  </resources>
  <priority>0</priority>
</hackpackage>