<hackpackage>
  <name>ARCH Colour Template</name>
  <identifier>ARCH-CSS-TEMPL</identifier>
  <description>Archaeology Template Test CSS</description>
  <developerName>Matthew Deeprose</developerName>
  <developerInstitution>University of Southampton</developerInstitution>
  <developerEmail>M.Deeprose@soton.ac.uk</developerEmail>
  <hook>tag.learningSystemPage.start</hook>
  <restrictions>
    <restriction>
      <type>ADVANCED</type>
      <value>context.course.courseId =~ &quot;^ARCH.*$&quot;</value>
      <inverse>false</inverse>
    </restriction>
  </restrictions>
  <resources>
    <resource>
      <path>arch-temp-test.css</path>
      <mime>text/css</mime>
      <embed>false</embed>
    </resource>
  </resources>
  <priority>0</priority>
</hackpackage>