<hackpackage>
  <name>Help: Rollover</name>
  <identifier>HELP-Rollover</identifier>
  <description>Display a help message during rollover</description>
  <version>1.0</version>
  <developerName>MLE TEAM</developerName>
  <developerInstitution>University of Southampton</developerInstitution>
  <developerURL>https://mle.southampton.ac.uk</developerURL>
  <developerEmail>weblearn@soton.ac.uk</developerEmail>
  <hook>tag.learningSystemPage.start</hook>
  <restrictions>
    <restriction>
      <type>URL</type>
      <value>.*/webapps/blackboard/execute/cp_copy_content?.*</value>
      <inverse>false</inverse>
    </restriction>
  </restrictions>
  <resources>
    <resource>
      <path>help.png</path>
      <mime>image/png</mime>
      <embed>false</embed>
    </resource>
  </resources>
  <priority>0</priority>
</hackpackage>