<hackpackage>
  <name>Help: No announcements (students)</name>
  <identifier>NO-ANN-St</identifier>
  <description>Change the text Students see that the appears when there are no announcements on a course</description>
  <developerName>Blackboard Community</developerName>
  <hook>tag.learningSystemPage.start</hook>
  <restrictions>
    <restriction>
      <type>URL</type>
      <value>.*/webapps/blackboard/execute/announcement?.*</value>
      <inverse>false</inverse>
    </restriction>
    <restriction>
      <type>COURSE_ROLE</type>
      <value>S</value>
      <inverse>false</inverse>
    </restriction>
  </restrictions>
  <resources>
    <resource>
      <path>no-ann-st.js</path>
      <mime>text/javascript</mime>
      <embed>false</embed>
    </resource>
  </resources>
  <priority>0</priority>
</hackpackage>