Ratio,Rating,FG Color,BG Color
1,F,000000,000000
1,F,00131D,00131D
1,F,231F20,231F20
1,F,5A7A5E,5A7A5E
1,F,B3DBCB,B3DBCB
1,F,B6D7A3,B6D7A3
1,F,C2AED0,C2AED0
1,F,D7AD04,D7AD04
1,F,E0DD00,E0DD00
1,F,E3E4EA,E3E4EA
1,F,E88F79,E88F79
1,F,E8A07B,E8A07B
1,F,EC6907,EC6907
1,F,F2F2F2,F2F2F2
1,F,FAC07E,FAC07E
1.01,F,D7AD04,E8A07B
1.01,F,E8A07B,D7AD04
1.02,F,B6D7A3,FAC07E
1.02,F,FAC07E,B6D7A3
1.03,F,C2AED0,D7AD04
1.03,F,D7AD04,C2AED0
1.04,F,B3DBCB,E0DD00
1.04,F,E0DD00,B3DBCB
1.05,F,B3DBCB,B6D7A3
1.05,F,B6D7A3,B3DBCB
1.05,F,C2AED0,E8A07B
1.05,F,E8A07B,C2AED0
1.07,F,B3DBCB,FAC07E
1.07,F,FAC07E,B3DBCB
1.09,F,B6D7A3,E0DD00
1.09,F,E0DD00,B6D7A3
1.11,F,000000,00131D
1.11,F,00131D,000000
1.12,F,E0DD00,FAC07E
1.12,F,E88F79,E8A07B
1.12,F,E8A07B,E88F79
1.12,F,FAC07E,E0DD00
1.13,F,E3E4EA,F2F2F2
1.13,F,F2F2F2,E3E4EA
1.14,F,D7AD04,E88F79
1.14,F,E0DD00,E3E4EA
1.14,F,E3E4EA,E0DD00
1.14,F,E88F79,D7AD04
1.15,F,00131D,231F20
1.15,F,231F20,00131D
1.18,F,B3DBCB,E3E4EA
1.18,F,C2AED0,E88F79
1.18,F,E3E4EA,B3DBCB
1.18,F,E88F79,C2AED0
1.25,F,B6D7A3,E3E4EA
1.25,F,C2AED0,FAC07E
1.25,F,E3E4EA,B6D7A3
1.25,F,FAC07E,C2AED0
1.28,F,000000,231F20
1.28,F,231F20,000000
1.28,F,E3E4EA,FAC07E
1.28,F,FAC07E,E3E4EA
1.29,F,B6D7A3,C2AED0
1.29,F,C2AED0,B6D7A3
1.29,F,E0DD00,F2F2F2
1.29,F,F2F2F2,E0DD00
1.30,F,D7AD04,FAC07E
1.30,F,FAC07E,D7AD04
1.31,F,E88F79,EC6907
1.31,F,EC6907,E88F79
1.32,F,E8A07B,FAC07E
1.32,F,FAC07E,E8A07B
1.34,F,B3DBCB,F2F2F2
1.34,F,B6D7A3,D7AD04
1.34,F,D7AD04,B6D7A3
1.34,F,F2F2F2,B3DBCB
1.35,F,B3DBCB,C2AED0
1.35,F,B6D7A3,E8A07B
1.35,F,C2AED0,B3DBCB
1.35,F,E8A07B,B6D7A3
1.40,F,B3DBCB,D7AD04
1.40,F,D7AD04,B3DBCB
1.41,F,B6D7A3,F2F2F2
1.41,F,C2AED0,E0DD00
1.41,F,E0DD00,C2AED0
1.41,F,F2F2F2,B6D7A3
1.42,F,B3DBCB,E8A07B
1.42,F,E8A07B,B3DBCB
1.45,F,F2F2F2,FAC07E
1.45,F,FAC07E,F2F2F2
1.47,F,D7AD04,E0DD00
1.47,F,E0DD00,D7AD04
1.47,F,E8A07B,EC6907
1.47,F,EC6907,E8A07B
1.48,F,E0DD00,E8A07B
1.48,F,E8A07B,E0DD00
1.49,F,D7AD04,EC6907
1.49,F,E88F79,FAC07E
1.49,F,EC6907,D7AD04
1.49,F,FAC07E,E88F79
1.50,F,5A7A5E,EC6907
1.50,F,EC6907,5A7A5E
1.53,F,B6D7A3,E88F79
1.53,F,E88F79,B6D7A3
1.55,F,C2AED0,EC6907
1.55,F,EC6907,C2AED0
1.61,F,B3DBCB,E88F79
1.61,F,C2AED0,E3E4EA
1.61,F,E3E4EA,C2AED0
1.61,F,E88F79,B3DBCB
1.67,F,D7AD04,E3E4EA
1.67,F,E3E4EA,D7AD04
1.68,F,E0DD00,E88F79
1.68,F,E88F79,E0DD00
1.69,F,E3E4EA,E8A07B
1.69,F,E8A07B,E3E4EA
1.82,F,C2AED0,F2F2F2
1.82,F,F2F2F2,C2AED0
1.90,F,D7AD04,F2F2F2
1.90,F,F2F2F2,D7AD04
1.91,F,E3E4EA,E88F79
1.91,F,E88F79,E3E4EA
1.92,F,E8A07B,F2F2F2
1.92,F,F2F2F2,E8A07B
1.95,F,EC6907,FAC07E
1.95,F,FAC07E,EC6907
1.97,F,5A7A5E,E88F79
1.97,F,E88F79,5A7A5E
2.00,F,B6D7A3,EC6907
2.00,F,EC6907,B6D7A3
2.11,F,B3DBCB,EC6907
2.11,F,EC6907,B3DBCB
2.17,F,E88F79,F2F2F2
2.17,F,F2F2F2,E88F79
2.20,F,E0DD00,EC6907
2.20,F,EC6907,E0DD00
2.22,F,5A7A5E,E8A07B
2.22,F,E8A07B,5A7A5E
2.25,F,5A7A5E,D7AD04
2.25,F,D7AD04,5A7A5E
2.34,F,5A7A5E,C2AED0
2.34,F,C2AED0,5A7A5E
2.51,F,E3E4EA,EC6907
2.51,F,EC6907,E3E4EA
2.84,F,EC6907,F2F2F2
2.84,F,F2F2F2,EC6907
2.94,F,5A7A5E,FAC07E
2.94,F,FAC07E,5A7A5E
3.02,G,5A7A5E,B6D7A3
3.02,G,B6D7A3,5A7A5E
3.17,G,5A7A5E,B3DBCB
3.17,G,B3DBCB,5A7A5E
3.31,G,5A7A5E,E0DD00
3.31,G,E0DD00,5A7A5E
3.39,G,231F20,5A7A5E
3.39,G,5A7A5E,231F20
3.77,G,5A7A5E,E3E4EA
3.77,G,E3E4EA,5A7A5E
3.94,G,00131D,5A7A5E
3.94,G,5A7A5E,00131D
4.28,G,5A7A5E,F2F2F2
4.28,G,F2F2F2,5A7A5E
4.38,G,000000,5A7A5E
4.38,G,5A7A5E,000000
5.11,AA,231F20,EC6907
5.11,AA,EC6907,231F20
5.93,AA,00131D,EC6907
5.93,AA,EC6907,00131D
6.59,AA,000000,EC6907
6.59,AA,EC6907,000000
6.70,AA,231F20,E88F79
6.70,AA,E88F79,231F20
7.56,AAA,231F20,E8A07B
7.56,AAA,E8A07B,231F20
7.66,AAA,231F20,D7AD04
7.66,AAA,D7AD04,231F20
7.77,AAA,00131D,E88F79
7.77,AAA,E88F79,00131D
7.96,AAA,231F20,C2AED0
7.96,AAA,C2AED0,231F20
8.63,AAA,000000,E88F79
8.63,AAA,E88F79,000000
8.77,AAA,00131D,E8A07B
8.77,AAA,E8A07B,00131D
8.88,AAA,00131D,D7AD04
8.88,AAA,D7AD04,00131D
9.23,AAA,00131D,C2AED0
9.23,AAA,C2AED0,00131D
9.74,AAA,000000,E8A07B
9.74,AAA,E8A07B,000000
9.86,AAA,000000,D7AD04
9.86,AAA,D7AD04,000000
10.0,AAA,231F20,FAC07E
10.0,AAA,FAC07E,231F20
10.2,AAA,000000,C2AED0
10.2,AAA,231F20,B6D7A3
10.2,AAA,B6D7A3,231F20
10.2,AAA,C2AED0,000000
10.7,AAA,231F20,B3DBCB
10.7,AAA,B3DBCB,231F20
11.2,AAA,231F20,E0DD00
11.2,AAA,E0DD00,231F20
11.6,AAA,00131D,FAC07E
11.6,AAA,FAC07E,00131D
11.9,AAA,00131D,B6D7A3
11.9,AAA,B6D7A3,00131D
12.5,AAA,00131D,B3DBCB
12.5,AAA,B3DBCB,00131D
12.8,AAA,231F20,E3E4EA
12.8,AAA,E3E4EA,231F20
12.9,AAA,000000,FAC07E
12.9,AAA,FAC07E,000000
13.0,AAA,00131D,E0DD00
13.0,AAA,E0DD00,00131D
13.2,AAA,000000,B6D7A3
13.2,AAA,B6D7A3,000000
13.9,AAA,000000,B3DBCB
13.9,AAA,B3DBCB,000000
14.5,AAA,000000,E0DD00
14.5,AAA,231F20,F2F2F2
14.5,AAA,E0DD00,000000
14.5,AAA,F2F2F2,231F20
14.8,AAA,00131D,E3E4EA
14.8,AAA,E3E4EA,00131D
16.5,AAA,000000,E3E4EA
16.5,AAA,E3E4EA,000000
16.8,AAA,00131D,F2F2F2
16.8,AAA,F2F2F2,00131D
18.7,AAA,000000,F2F2F2
18.7,AAA,F2F2F2,000000
