<hackpackage>
  <name>Help: Using Discussion Boards</name>
  <identifier>DISCUSS-S-HELP</identifier>
  <description>Help with discussion boards and threads</description>
  <developerName>Matthew Deeprose</developerName>
  <developerInstitution>University of Southampton</developerInstitution>
  <developerURL>http://bit.ly/2IVuG4t</developerURL>
  <developerEmail>M.Deeprose@soton.ac.uk</developerEmail>
  <hook>tag.learningSystemPage.start</hook>
  <restrictions>
    <restriction>
      <type>URL</type>
      <value>(.*/message_edit\.jsp|.*/webapps/discussionboard/do/forum?.*)</value>
      <inverse>false</inverse>
    </restriction>
  </restrictions>
  <resources>
    <resource>
      <path>help.png</path>
      <mime>image/png</mime>
      <embed>false</embed>
    </resource>
  </resources>
  <priority>0</priority>
</hackpackage>