<hackpackage>
  <name>Help: Announcements</name>
  <identifier>ANN-HELP</identifier>
  <description>Yellow Box to help staff use announcements</description>
  <developerName>Matthew Deeprose</developerName>
  <developerInstitution>University of Southampton</developerInstitution>
  <developerURL>http://bit.ly/2IVuG4t</developerURL>
  <developerEmail>M.Deeprose@soton.ac.uk</developerEmail>
  <hook>tag.learningSystemPage.start</hook>
  <restrictions>
    <restriction>
      <type>URL</type>
      <value>.*/edit_announcement\.jsp</value>
      <inverse>false</inverse>
    </restriction>
    <restriction>
      <type>COURSE_ROLE</type>
      <value>(P|T|B|G)</value>
      <inverse>false</inverse>
    </restriction>
  </restrictions>
  <resources>
    <resource>
      <path>help.png</path>
      <mime>image/png</mime>
      <embed>false</embed>
    </resource>
  </resources>
  <priority>0</priority>
</hackpackage>