<hackpackage>
  <name>In-course help for Students</name>
  <identifier>ST-INC-HELP</identifier>
  <description>Floating box that appears to students when in courses</description>
  <version>1.9</version>
  <developerName>Matthew Deeprose</developerName>
  <developerInstitution>University of Southampton</developerInstitution>
  <developerURL>http://bit.ly/2IVuG4t</developerURL>
  <developerEmail>M.Deeprose@soton.ac.uk</developerEmail>
  <hook>tag.learningSystemPage.start</hook>
  <restrictions>
    <restriction>
      <type>COURSE_ROLE</type>
      <value>S</value>
      <inverse>false</inverse>
    </restriction>
    <restriction>
      <type>URL</type>
      <value>(.*/upload_assignment\.jsp|.*/display_email\.jsp|.*/launch\.jsp|.*/take\.jsp|.*/pageProperties\.jsp|.*/message_edit\.jsp|.*/edit_blog_entry\.jsp|.*/review\.jsp|.*/review\.jsp|.*/launchAssessment\.jsp|.*/webapps/collab-ultra/tool/collabultra|.*/collabultra\.jsp|.*/message)</value>
      <inverse>true</inverse>
    </restriction>
  </restrictions>
  <resources>
    <resource>
      <path>cookies.js</path>
      <mime>text/plain</mime>
      <embed>false</embed>
    </resource>
  </resources>
  <priority>0</priority>
</hackpackage>