<hackpackage>
  <name>Disable Course Copy for certain courses</name>
  <identifier>DR-CC</identifier>
  <description>Disable Course Copy for certain courses</description>
  <version>1.1</version>
  <developerName>Matthew Deeprose</developerName>
  <developerInstitution>University of Southampton</developerInstitution>
  <developerURL>http://bit.ly/2IVuG4t</developerURL>
  <developerEmail>M.Deeprose@soton.ac.uk</developerEmail>
  <hook>tag.learningSystemPage.start</hook>
  <restrictions>
    <restriction>
      <type>URL</type>
      <value>.*/webapps/blackboard/execute/cp_copy_content?.*</value>
      <inverse>false</inverse>
    </restriction>
    <restriction>
      <type>ADVANCED</type>
      <value>context.course.courseId =~ &quot;^ARTD1100.*$&quot; || context.course.courseId =~ &quot;^ARTD1098.*$&quot; || context.course.courseId =~ &quot;^ARTD1099.*$&quot; || context.course.courseId =~ &quot;^ARTD1103.*$&quot; || context.course.courseId =~ &quot;^ARTD1104.*$&quot; || context.course.courseId =~ &quot;^ARTD1101.*$&quot; || context.course.courseId =~ &quot;^ARTD1102.*$&quot; || context.course.courseId =~ &quot;^ARTD2099.*$&quot; || context.course.courseId =~ &quot;^ARTD2100.*$&quot; || context.course.courseId =~ &quot;^ARTD2098.*$&quot; || context.course.courseId =~ &quot;^ARTD2101.*$&quot; || context.course.courseId =~ &quot;^ARTD2102.*$&quot; || context.course.courseId =~ &quot;^ARTD2103.*$&quot; || context.course.courseId =~ &quot;^ARTD3057.*$&quot; || context.course.courseId =~ &quot;^ARTD3058.*$&quot; || context.course.courseId =~ &quot;^ARTD3055.*$&quot; || context.course.courseId =~ &quot;^ARTD3056.*$&quot; || context.course.courseId =~ &quot;^LING6018.*$&quot; || context.course.courseId =~ &quot;^LING6019.*$&quot; || context.course.courseId =~ &quot;^LING6020.*$&quot; || context.course.courseId =~ &quot;^LING6021.*$&quot; || context.course.courseId =~ &quot;^LING6024.*$&quot; || context.course.courseId =~ &quot;^LING6025.*$&quot; || context.course.courseId =~ &quot;^LING6026.*$&quot; || context.course.courseId =~ &quot;^LING6027.*$&quot; || context.course.courseId =~ &quot;^LING6032.*$&quot; || context.course.courseId =~ &quot;^PRES.*$&quot;</value>
      <inverse>true</inverse>
    </restriction>
    <restriction>
      <type>ADVANCED</type>
      <value>context.course.courseId =~ &quot;^ARAB.*-19-20$&quot; || context.course.courseId =~ &quot;^ARCH.*-19-20$&quot; || context.course.courseId =~ &quot;^ARTD.*-19-20$&quot; || context.course.courseId =~ &quot;^CHIN.*-19-20$&quot; || context.course.courseId =~ &quot;^CMRC6014.*-19-20$&quot; || context.course.courseId =~ &quot;^ENGL.*-19-20$&quot; || context.course.courseId =~ &quot;^FILM.*-19-20$&quot; || context.course.courseId =~ &quot;^FREN.*-19-20$&quot; || context.course.courseId =~ &quot;^GERM.*-19-20$&quot; || context.course.courseId =~ &quot;^HERI.*-19-20$&quot; || context.course.courseId =~ &quot;^HIST.*-19-20$&quot; || context.course.courseId =~ &quot;^HUMA.*-19-20$&quot; || context.course.courseId =~ &quot;^IFYP.*-19-20$&quot; || context.course.courseId =~ &quot;^ITAL.*-19-20$&quot; || context.course.courseId =~ &quot;^JAPA.*-19-20$&quot; || context.course.courseId =~ &quot;^LANG.*-19-20$&quot; || context.course.courseId =~ &quot;^LATI.*-19-20$&quot; || context.course.courseId =~ &quot;^LING.*-19-20$&quot; || context.course.courseId =~ &quot;^LLLL.*-19-20$&quot; || context.course.courseId =~ &quot;^MUSI.*-19-20$&quot; || context.course.courseId =~ &quot;^PHIL.*-19-20$&quot; || context.course.courseId =~ &quot;^PORT.*-19-20$&quot; || context.course.courseId =~ &quot;^RESM6102.*-19-20$&quot; || context.course.courseId =~ &quot;^RESM6303.*-19-20$&quot; || context.course.courseId =~ &quot;^RESM6304.*-19-20$&quot; || context.course.courseId =~ &quot;^RUSS.*-19-20$&quot; || context.course.courseId =~ &quot;^SPAN.*-19-20$&quot; || context.course.courseId =~ &quot;^TRAN.*-19-20$&quot; || context.course.courseId =~ &quot;^UOSM2017.*-19-20$&quot; || context.course.courseId =~ &quot;^ARAB.*-18-19$&quot; || context.course.courseId =~ &quot;^ARCH.*-18-19$&quot; || context.course.courseId =~ &quot;^ARTD.*-18-19$&quot; || context.course.courseId =~ &quot;^CHIN.*-18-19$&quot; || context.course.courseId =~ &quot;^CMRC6014.*-18-19$&quot; || context.course.courseId =~ &quot;^ENGL.*-18-19$&quot; || context.course.courseId =~ &quot;^FILM.*-18-19$&quot; || context.course.courseId =~ &quot;^FREN.*-18-19$&quot; || context.course.courseId =~ &quot;^GERM.*-18-19$&quot; || context.course.courseId =~ &quot;^HERI.*-18-19$&quot; || context.course.courseId =~ &quot;^HIST.*-18-19$&quot; || context.course.courseId =~ &quot;^HUMA.*-18-19$&quot; || context.course.courseId =~ &quot;^IFYP.*-18-19$&quot; || context.course.courseId =~ &quot;^ITAL.*-18-19$&quot; || context.course.courseId =~ &quot;^JAPA.*-18-19$&quot; || context.course.courseId =~ &quot;^LANG.*-18-19$&quot; || context.course.courseId =~ &quot;^LATI.*-18-19$&quot; || context.course.courseId =~ &quot;^LING.*-18-19$&quot; || context.course.courseId =~ &quot;^LLLL.*-18-19$&quot; || context.course.courseId =~ &quot;^MUSI.*-18-19$&quot; || context.course.courseId =~ &quot;^PHIL.*-18-19$&quot; || context.course.courseId =~ &quot;^PORT.*-18-19$&quot; || context.course.courseId =~ &quot;^RESM6102.*-18-19$&quot; || context.course.courseId =~ &quot;^RESM6303.*-18-19$&quot; || context.course.courseId =~ &quot;^RESM6304.*-18-19$&quot; || context.course.courseId =~ &quot;^RUSS.*-18-19$&quot; || context.course.courseId =~ &quot;^SPAN.*-18-19$&quot; || context.course.courseId =~ &quot;^TRAN.*-18-19$&quot; || context.course.courseId =~ &quot;^UOSM2017.*-18-19$&quot; || context.course.courseId =~ &quot;^ARAB.*-17-18$&quot; || context.course.courseId =~ &quot;^ARCH.*-17-18$&quot; || context.course.courseId =~ &quot;^ARTD.*-17-18$&quot; || context.course.courseId =~ &quot;^CHIN.*-17-18$&quot; || context.course.courseId =~ &quot;^CMRC6014.*-17-18$&quot; || context.course.courseId =~ &quot;^ENGL.*-17-18$&quot; || context.course.courseId =~ &quot;^FILM.*-17-18$&quot; || context.course.courseId =~ &quot;^FREN.*-17-18$&quot; || context.course.courseId =~ &quot;^GERM.*-17-18$&quot; || context.course.courseId =~ &quot;^HERI.*-17-18$&quot; || context.course.courseId =~ &quot;^HIST.*-17-18$&quot; || context.course.courseId =~ &quot;^HUMA.*-17-18$&quot; || context.course.courseId =~ &quot;^IFYP.*-17-18$&quot; || context.course.courseId =~ &quot;^ITAL.*-17-18$&quot; || context.course.courseId =~ &quot;^JAPA.*-17-18$&quot; || context.course.courseId =~ &quot;^LANG.*-17-18$&quot; || context.course.courseId =~ &quot;^LATI.*-17-18$&quot; || context.course.courseId =~ &quot;^LING.*-17-18$&quot; || context.course.courseId =~ &quot;^LLLL.*-17-18$&quot; || context.course.courseId =~ &quot;^MUSI.*-17-18$&quot; || context.course.courseId =~ &quot;^PHIL.*-17-18$&quot; || context.course.courseId =~ &quot;^PORT.*-17-18$&quot; || context.course.courseId =~ &quot;^RESM6102.*-17-18$&quot; || context.course.courseId =~ &quot;^RESM6303.*-17-18$&quot; || context.course.courseId =~ &quot;^RESM6304.*-17-18$&quot; || context.course.courseId =~ &quot;^RUSS.*-17-18$&quot; || context.course.courseId =~ &quot;^SPAN.*-17-18$&quot; || context.course.courseId =~ &quot;^TRAN.*-17-18$&quot; || context.course.courseId =~ &quot;^UOSM2017.*-17-18$&quot;</value>
      <inverse>false</inverse>
    </restriction>
    <restriction>
      <type>SYSTEM_ROLE</type>
      <value>LT</value>
      <inverse>true</inverse>
    </restriction>
  </restrictions>
  <resources/>
  <priority>0</priority>
</hackpackage>