<hackpackage>
  <name>HUMS: Modern Languages and Linguistics Colour Scheme</name>
  <identifier>HUMS-MLL</identifier>
  <description>Colour of menu for courses belonging to Modern Languages department</description>
  <version>1.1</version>
  <developerName>Matthew Deeprose</developerName>
  <developerInstitution>University of Southampton</developerInstitution>
  <developerURL>http://bit.ly/2IVuG4t</developerURL>
  <developerEmail>M.Deeprose@soton.ac.uk</developerEmail>
  <hook>jsp.topFrame.start</hook>
  <restrictions>
    <restriction>
      <type>ADVANCED</type>
      <value>context.course.courseId =~ &quot;^TRAN.*$&quot; || context.course.courseId =~ &quot;^SPAN.*$&quot; || context.course.courseId =~ &quot;^RUSS.*$&quot; || context.course.courseId =~ &quot;^RESM6102.*$&quot; || context.course.courseId =~ &quot;^RESM6303.*$&quot; || context.course.courseId =~ &quot;^RESM6304.*$&quot; || context.course.courseId =~ &quot;^PORT.*$&quot; || context.course.courseId =~ &quot;^LLLL.*$&quot; || context.course.courseId =~ &quot;^LING.*$&quot; || context.course.courseId =~ &quot;^LANG.*$&quot; || context.course.courseId =~ &quot;^JAPA.*$&quot; || context.course.courseId =~ &quot;^ITAL.*$&quot; || context.course.courseId =~ &quot;^HUMA2007.*$&quot; || context.course.courseId =~ &quot;^HUMA2012.*$&quot; || context.course.courseId =~ &quot;^HUMA2024.*$&quot; || context.course.courseId =~ &quot;^HUMA3013.*$&quot; || context.course.courseId =~ &quot;^HUMA3021.*$&quot; || context.course.courseId =~ &quot;^GERM.*$&quot; || context.course.courseId =~ &quot;^FREN.*$&quot; || context.course.courseId =~ &quot;^CHIN.*$&quot; || context.course.courseId =~ &quot;^ARAB.*$&quot; || context.course.courseId =~ &quot;^LING6022.*$&quot; || context.course.courseId =~ &quot;^LING6041.*$&quot; || context.course.courseId =~ &quot;^GERM9005.*$&quot;</value>
      <inverse>false</inverse>
    </restriction>
    <restriction>
      <type>ADVANCED</type>
      <value>context.course.courseId =~ &quot;^LLLL1142.*$&quot; || context.course.courseId =~ &quot;^LLLL1143.*$&quot; || context.course.courseId =~ &quot;^LLLL1144.*$&quot; || context.course.courseId =~ &quot;^LLLL1145.*$&quot; || context.course.courseId =~ &quot;^LLLL1146.*$&quot; || context.course.courseId =~ &quot;^LANG1005.*$&quot; || context.course.courseId =~ &quot;^LANG1019.*$&quot; || context.course.courseId =~ &quot;^LANG1019.*$&quot; || context.course.courseId =~ &quot;^LLLL1115.*$&quot; || context.course.courseId =~ &quot;^LLLL1117.*$&quot; || context.course.courseId =~ &quot;^LLLL1120.*$&quot; || context.course.courseId =~ &quot;^LLLL1122.*$&quot; || context.course.courseId =~ &quot;^LLLL1124.*$&quot; || context.course.courseId =~ &quot;^LLLL1127.*$&quot; || context.course.courseId =~ &quot;^LLLL1135.*$&quot; || context.course.courseId =~ &quot;^LLLL1135.*$&quot; || context.course.courseId =~ &quot;^LLLL1135.*$&quot; || context.course.courseId =~ &quot;^LLLL1137.*$&quot; || context.course.courseId =~ &quot;^LLLL1138.*$&quot; || context.course.courseId =~ &quot;^LLLL1142.*$&quot; || context.course.courseId =~ &quot;^LANG1008.*$&quot; || context.course.courseId =~ &quot;^LANG1005.*$&quot; || context.course.courseId =~ &quot;^LANG1019.*$&quot;</value>
      <inverse>true</inverse>
    </restriction>
  </restrictions>
  <resources>
    <resource>
      <path>MLL-colours.css</path>
      <mime>text/css</mime>
      <embed>false</embed>
    </resource>
  </resources>
  <priority>0</priority>
</hackpackage>