<hackpackage>
  <name>Rollover / Student Photo / TII Control Panel Position (PPRD/LIVE/bb_bb60)</name>
  <identifier>ControlPanel_CCIDLIV</identifier>
  <description>Add a course copy link, id photo link, and TII link direct in the Control Panel</description>
  <version>1.2</version>
  <developerName>Matthew Deeprose</developerName>
  <developerInstitution>University of Southampton</developerInstitution>
  <developerURL>http://bit.ly/2IVuG4t</developerURL>
  <developerEmail>M.Deeprose@soton.ac.uk</developerEmail>
  <hook>tag.learningSystemPage.start</hook>
  <restrictions>
    <restriction>
      <type>ENTITLEMENT</type>
      <value>course.control_panel.VIEW</value>
      <inverse>false</inverse>
    </restriction>
  </restrictions>
  <resources/>
  <priority>0</priority>
</hackpackage>