<hackpackage>
  <name>CSS: for Better Blackboard Help (YBs)</name>
  <identifier>CSS-BBH-YB</identifier>
  <description>Load the CSS used by Better Help Boxes</description>
  <developerName>Matthew Deeprose</developerName>
  <developerInstitution>University of Southampton</developerInstitution>
  <developerURL>http://bit.ly/2IVuG4t</developerURL>
  <developerEmail>M.Deeprose@soton.ac.uk</developerEmail>
  <hook>jsp.topFrame.start</hook>
  <restrictions/>
  <resources>
    <resource>
      <path>YB.css</path>
      <mime>text/css</mime>
      <embed>false</embed>
    </resource>
  </resources>
  <priority>0</priority>
</hackpackage>