<hackpackage>
  <name>UvA - Auto-Expand Navigation</name>
  <identifier>uvaNavExpand</identifier>
  <description>Expands the left-side course navigation menu when a user&apos;s screen resolution changes above the specified size.</description>
  <version>1.0</version>
  <targetVersionMin>3100.0.6</targetVersionMin>
  <targetVersionMax>3400.0.0</targetVersionMax>
  <developerName>Ashley Fisher</developerName>
  <developerInstitution>Universiteit van Amsterdam</developerInstitution>
  <developerURL>http://uva.nl</developerURL>
  <developerEmail>a.j.fisher@uva.nl</developerEmail>
  <hook>tag.learningSystemPage.start</hook>
  <restrictions/>
  <resources/>
  <priority>0</priority>
</hackpackage>