Ratio,Rating,FG Color,BG Color
1.00,F,9BCBD0,C1BFE1
1.00,F,A0CAA7,A1CAA6
1.00,F,A1CAA6,A0CAA7
1.00,F,C1BFE1,9BCBD0
1.00,F,D0D0E0,F8C5B6
1.00,F,DADADA,FED47A
1.00,F,E0DFF1,FFDC98
1.00,F,E1EEF0,E2EEE3
1.00,F,E2EEE3,E1EEF0
1.00,F,EFF1F3,FFEECE
1.00,F,F8C5B6,D0D0E0
1.00,F,FCE3DA,FFE5B3
1.00,F,FED47A,DADADA
1.00,F,FFDC98,E0DFF1
1.00,F,FFE5B3,FCE3DA
1.00,F,FFEECE,EFF1F3
1,F,193E72,193E72
1,F,1D1D1B,1D1D1B
1,F,2EA9B0,2EA9B0
1,F,45A86C,45A86C
1,F,475989,475989
1,F,575656,575656
1,F,6567AD,6567AD
1,F,6FBAC0,6FBAC0
1,F,747CA3,747CA3
1,F,79B989,79B989
1,F,8482BE,8482BE
1,F,878786,878786
1,F,9BCBD0,9BCBD0
1,F,A0CAA7,A0CAA7
1,F,A1CAA6,A1CAA6
1,F,A2A0D0,A2A0D0
1,F,A2A4C1,A2A4C1
1,F,ACBCC4,ACBCC4
1,F,B3B2B2,B3B2B2
1,F,BDC9CF,BDC9CF
1,F,C1BFE1,C1BFE1
1,F,C1DDE0,C1DDE0
1,F,CED6DB,CED6DB
1,F,D0D0E0,D0D0E0
1,F,DADADA,DADADA
1,F,DFE3E7,DFE3E7
1,F,E0DFF1,E0DFF1
1,F,E1EEF0,E1EEF0
1,F,E2EEE3,E2EEE3
1,F,EA5D4E,EA5D4E
1,F,EF826E,EF826E
1,F,EFF1F3,EFF1F3
1,F,F29330,F29330
1,F,F3A491,F3A491
1,F,F6AB5D,F6AB5D
1,F,F8C5B6,F8C5B6
1,F,F9C187,F9C187
1,F,FCD6B0,FCD6B0
1,F,FCE3DA,FCE3DA
1,F,FDEBD8,FDEBD8
1,F,FED47A,FED47A
1,F,FFDC98,FFDC98
1,F,FFE5B3,FFE5B3
1,F,FFEECE,FFEECE
1,F,FFF6E6,FFF6E6
1,F,FFFFFF,FFFFFF
1.01,F,79B989,F29330
1.01,F,8482BE,878786
1.01,F,878786,8482BE
1.01,F,A2A0D0,A2A4C1
1.01,F,A2A4C1,A2A0D0
1.01,F,ACBCC4,F6AB5D
1.01,F,C1DDE0,FED47A
1.01,F,DFE3E7,E0DFF1
1.01,F,E0DFF1,DFE3E7
1.01,F,F29330,79B989
1.01,F,F6AB5D,ACBCC4
1.01,F,FDEBD8,FFEECE
1.01,F,FED47A,C1DDE0
1.01,F,FFEECE,FDEBD8
1.02,F,9BCBD0,A1CAA6
1.02,F,A0CAA7,C1BFE1
1.02,F,A1CAA6,9BCBD0
1.02,F,A1CAA6,C1BFE1
1.02,F,ACBCC4,F3A491
1.02,F,C1BFE1,A0CAA7
1.02,F,C1BFE1,A1CAA6
1.02,F,C1DDE0,CED6DB
1.02,F,C1DDE0,DADADA
1.02,F,CED6DB,C1DDE0
1.02,F,DADADA,C1DDE0
1.02,F,DADADA,FCD6B0
1.02,F,DFE3E7,FFDC98
1.02,F,E1EEF0,FDEBD8
1.02,F,E2EEE3,FCE3DA
1.02,F,E2EEE3,FDEBD8
1.02,F,E2EEE3,FFE5B3
1.02,F,EFF1F3,FDEBD8
1.02,F,F3A491,ACBCC4
1.02,F,FCD6B0,DADADA
1.02,F,FCE3DA,E2EEE3
1.02,F,FDEBD8,E1EEF0
1.02,F,FDEBD8,E2EEE3
1.02,F,FDEBD8,EFF1F3
1.02,F,FFDC98,DFE3E7
1.02,F,FFE5B3,E2EEE3
1.03,F,6FBAC0,79B989
1.03,F,79B989,6FBAC0
1.03,F,9BCBD0,A0CAA7
1.03,F,A0CAA7,9BCBD0
1.03,F,CED6DB,D0D0E0
1.03,F,D0D0E0,CED6DB
1.03,F,E0DFF1,FCD6B0
1.03,F,E1EEF0,FCE3DA
1.03,F,E1EEF0,FFE5B3
1.03,F,E1EEF0,FFEECE
1.03,F,F3A491,F6AB5D
1.03,F,F6AB5D,F3A491
1.03,F,FCD6B0,E0DFF1
1.03,F,FCD6B0,FED47A
1.03,F,FCD6B0,FFDC98
1.03,F,FCE3DA,E1EEF0
1.03,F,FED47A,FCD6B0
1.03,F,FFDC98,FCD6B0
1.03,F,FFE5B3,E1EEF0
1.03,F,FFEECE,E1EEF0
1.04,F,2EA9B0,45A86C
1.04,F,45A86C,2EA9B0
1.04,F,6FBAC0,B3B2B2
1.04,F,8482BE,EA5D4E
1.04,F,9BCBD0,BDC9CF
1.04,F,A2A0D0,EF826E
1.04,F,A2A4C1,F29330
1.04,F,B3B2B2,6FBAC0
1.04,F,BDC9CF,9BCBD0
1.04,F,BDC9CF,F9C187
1.04,F,C1DDE0,FCD6B0
1.04,F,CED6DB,F8C5B6
1.04,F,CED6DB,FED47A
1.04,F,E1EEF0,EFF1F3
1.04,F,E2EEE3,FFEECE
1.04,F,EA5D4E,8482BE
1.04,F,EF826E,A2A0D0
1.04,F,EFF1F3,E1EEF0
1.04,F,F29330,A2A4C1
1.04,F,F8C5B6,CED6DB
1.04,F,F8C5B6,F9C187
1.04,F,F9C187,BDC9CF
1.04,F,F9C187,F8C5B6
1.04,F,FCD6B0,C1DDE0
1.04,F,FED47A,CED6DB
1.04,F,FFEECE,E2EEE3
1.05,F,6FBAC0,F29330
1.05,F,79B989,A2A4C1
1.05,F,878786,EA5D4E
1.05,F,A0CAA7,F6AB5D
1.05,F,A1CAA6,F6AB5D
1.05,F,A2A4C1,79B989
1.05,F,BDC9CF,C1BFE1
1.05,F,C1BFE1,BDC9CF
1.05,F,CED6DB,DADADA
1.05,F,D0D0E0,F9C187
1.05,F,DADADA,CED6DB
1.05,F,DFE3E7,FCD6B0
1.05,F,DFE3E7,FCE3DA
1.05,F,DFE3E7,FFE5B3
1.05,F,E2EEE3,EFF1F3
1.05,F,EA5D4E,878786
1.05,F,EFF1F3,E2EEE3
1.05,F,EFF1F3,FFF6E6
1.05,F,F29330,6FBAC0
1.05,F,F6AB5D,A0CAA7
1.05,F,F6AB5D,A1CAA6
1.05,F,F9C187,D0D0E0
1.05,F,FCD6B0,DFE3E7
1.05,F,FCE3DA,DFE3E7
1.05,F,FCE3DA,FDEBD8
1.05,F,FDEBD8,FCE3DA
1.05,F,FDEBD8,FFE5B3
1.05,F,FFE5B3,DFE3E7
1.05,F,FFE5B3,FDEBD8
1.05,F,FFF6E6,EFF1F3
1.06,F,475989,575656
1.06,F,575656,475989
1.06,F,A2A0D0,F29330
1.06,F,A2A4C1,EF826E
1.06,F,B3B2B2,F3A491
1.06,F,C1DDE0,D0D0E0
1.06,F,D0D0E0,C1DDE0
1.06,F,DADADA,E0DFF1
1.06,F,DADADA,FFDC98
1.06,F,E0DFF1,DADADA
1.06,F,E0DFF1,FFE5B3
1.06,F,EF826E,A2A4C1
1.06,F,F29330,A2A0D0
1.06,F,F3A491,B3B2B2
1.06,F,FED47A,FFDC98
1.06,F,FFDC98,DADADA
1.06,F,FFDC98,FED47A
1.06,F,FFE5B3,E0DFF1
1.06,F,FFEECE,FFF6E6
1.06,F,FFF6E6,FFEECE
1.07,F,79B989,A2A0D0
1.07,F,A0CAA7,ACBCC4
1.07,F,A0CAA7,BDC9CF
1.07,F,A1CAA6,ACBCC4
1.07,F,A1CAA6,BDC9CF
1.07,F,A2A0D0,79B989
1.07,F,ACBCC4,A0CAA7
1.07,F,ACBCC4,A1CAA6
1.07,F,BDC9CF,A0CAA7
1.07,F,BDC9CF,A1CAA6
1.07,F,C1DDE0,F8C5B6
1.07,F,CED6DB,FCD6B0
1.07,F,DFE3E7,E2EEE3
1.07,F,E0DFF1,FCE3DA
1.07,F,E0DFF1,FED47A
1.07,F,E2EEE3,DFE3E7
1.07,F,F8C5B6,C1DDE0
1.07,F,FCD6B0,CED6DB
1.07,F,FCE3DA,E0DFF1
1.07,F,FCE3DA,FFDC98
1.07,F,FCE3DA,FFEECE
1.07,F,FED47A,E0DFF1
1.07,F,FFDC98,FCE3DA
1.07,F,FFDC98,FFE5B3
1.07,F,FFE5B3,FFDC98
1.07,F,FFE5B3,FFEECE
1.07,F,FFEECE,FCE3DA
1.07,F,FFEECE,FFE5B3
1.07,F,FFF6E6,FFFFFF
1.07,F,FFFFFF,FFF6E6
1.08,F,79B989,B3B2B2
1.08,F,9BCBD0,F6AB5D
1.08,F,ACBCC4,B3B2B2
1.08,F,B3B2B2,79B989
1.08,F,B3B2B2,ACBCC4
1.08,F,C1BFE1,F6AB5D
1.08,F,C1DDE0,E0DFF1
1.08,F,C1DDE0,FFDC98
1.08,F,D0D0E0,FED47A
1.08,F,DADADA,DFE3E7
1.08,F,DFE3E7,DADADA
1.08,F,DFE3E7,E1EEF0
1.08,F,E0DFF1,C1DDE0
1.08,F,E1EEF0,DFE3E7
1.08,F,EFF1F3,FCE3DA
1.08,F,EFF1F3,FFE5B3
1.08,F,F6AB5D,9BCBD0
1.08,F,F6AB5D,C1BFE1
1.08,F,FCE3DA,EFF1F3
1.08,F,FDEBD8,FFF6E6
1.08,F,FED47A,D0D0E0
1.08,F,FFDC98,C1DDE0
1.08,F,FFE5B3,EFF1F3
1.08,F,FFF6E6,FDEBD8
1.09,F,2EA9B0,EF826E
1.09,F,6FBAC0,A2A4C1
1.09,F,9BCBD0,F9C187
1.09,F,A0CAA7,F3A491
1.09,F,A1CAA6,F3A491
1.09,F,A2A4C1,6FBAC0
1.09,F,ACBCC4,C1BFE1
1.09,F,B3B2B2,F6AB5D
1.09,F,BDC9CF,F8C5B6
1.09,F,C1BFE1,ACBCC4
1.09,F,CED6DB,F9C187
1.09,F,D0D0E0,DADADA
1.09,F,DADADA,D0D0E0
1.09,F,DFE3E7,FED47A
1.09,F,E0DFF1,E2EEE3
1.09,F,E2EEE3,E0DFF1
1.09,F,EF826E,2EA9B0
1.09,F,F3A491,A0CAA7
1.09,F,F3A491,A1CAA6
1.09,F,F6AB5D,B3B2B2
1.09,F,F8C5B6,BDC9CF
1.09,F,F8C5B6,FED47A
1.09,F,F9C187,9BCBD0
1.09,F,F9C187,CED6DB
1.09,F,FED47A,DFE3E7
1.09,F,FED47A,F8C5B6
1.10,F,9BCBD0,ACBCC4
1.10,F,ACBCC4,9BCBD0
1.10,F,B3B2B2,F29330
1.10,F,BDC9CF,D0D0E0
1.10,F,C1BFE1,F9C187
1.10,F,C1DDE0,DFE3E7
1.10,F,D0D0E0,BDC9CF
1.10,F,DADADA,F8C5B6
1.10,F,DFE3E7,C1DDE0
1.10,F,DFE3E7,FDEBD8
1.10,F,E0DFF1,E1EEF0
1.10,F,E1EEF0,E0DFF1
1.10,F,E1EEF0,FFDC98
1.10,F,E1EEF0,FFF6E6
1.10,F,E2EEE3,FFDC98
1.10,F,F29330,B3B2B2
1.10,F,F8C5B6,DADADA
1.10,F,F9C187,C1BFE1
1.10,F,FDEBD8,DFE3E7
1.10,F,FFDC98,E1EEF0
1.10,F,FFDC98,E2EEE3
1.10,F,FFF6E6,E1EEF0
1.11,F,6FBAC0,A2A0D0
1.11,F,6FBAC0,F3A491
1.11,F,A2A0D0,6FBAC0
1.11,F,CED6DB,FFDC98
1.11,F,D0D0E0,FCD6B0
1.11,F,E2EEE3,FFF6E6
1.11,F,EF826E,F29330
1.11,F,F29330,EF826E
1.11,F,F3A491,6FBAC0
1.11,F,FCD6B0,D0D0E0
1.11,F,FCD6B0,FCE3DA
1.11,F,FCD6B0,FFE5B3
1.11,F,FCE3DA,FCD6B0
1.11,F,FFDC98,CED6DB
1.11,F,FFE5B3,FCD6B0
1.11,F,FFF6E6,E2EEE3
1.12,F,79B989,EF826E
1.12,F,9BCBD0,F3A491
1.12,F,A1CAA6,F9C187
1.12,F,C1BFE1,F3A491
1.12,F,C1DDE0,F9C187
1.12,F,CED6DB,E0DFF1
1.12,F,DFE3E7,FFEECE
1.12,F,E0DFF1,CED6DB
1.12,F,E0DFF1,FDEBD8
1.12,F,EF826E,79B989
1.12,F,F3A491,9BCBD0
1.12,F,F3A491,C1BFE1
1.12,F,F8C5B6,FCD6B0
1.12,F,F9C187,A1CAA6
1.12,F,F9C187,C1DDE0
1.12,F,FCD6B0,F8C5B6
1.12,F,FDEBD8,E0DFF1
1.12,F,FFEECE,DFE3E7
1.13,F,6FBAC0,ACBCC4
1.13,F,747CA3,878786
1.13,F,878786,747CA3
1.13,F,A0CAA7,F9C187
1.13,F,ACBCC4,6FBAC0
1.13,F,BDC9CF,F6AB5D
1.13,F,DADADA,FFE5B3
1.13,F,DFE3E7,EFF1F3
1.13,F,EFF1F3,DFE3E7
1.13,F,EFF1F3,FFFFFF
1.13,F,F6AB5D,BDC9CF
1.13,F,F9C187,A0CAA7
1.13,F,FDEBD8,FFDC98
1.13,F,FFDC98,FDEBD8
1.13,F,FFE5B3,DADADA
1.13,F,FFFFFF,EFF1F3
1.14,F,2EA9B0,A2A0D0
1.14,F,45A86C,EA5D4E
1.14,F,45A86C,EF826E
1.14,F,747CA3,8482BE
1.14,F,8482BE,747CA3
1.14,F,A2A0D0,2EA9B0
1.14,F,BDC9CF,CED6DB
1.14,F,CED6DB,BDC9CF
1.14,F,CED6DB,DFE3E7
1.14,F,DADADA,FCE3DA
1.14,F,DFE3E7,CED6DB
1.14,F,E0DFF1,FFEECE
1.14,F,E1EEF0,FCD6B0
1.14,F,E2EEE3,FCD6B0
1.14,F,EA5D4E,45A86C
1.14,F,EF826E,45A86C
1.14,F,F9C187,FED47A
1.14,F,FCD6B0,E1EEF0
1.14,F,FCD6B0,E2EEE3
1.14,F,FCE3DA,DADADA
1.14,F,FCE3DA,FED47A
1.14,F,FCE3DA,FFF6E6
1.14,F,FED47A,F9C187
1.14,F,FED47A,FCE3DA
1.14,F,FED47A,FFE5B3
1.14,F,FFE5B3,FED47A
1.14,F,FFE5B3,FFF6E6
1.14,F,FFEECE,E0DFF1
1.14,F,FFEECE,FFFFFF
1.14,F,FFF6E6,FCE3DA
1.14,F,FFF6E6,FFE5B3
1.14,F,FFFFFF,FFEECE
1.15,F,6FBAC0,F6AB5D
1.15,F,79B989,F3A491
1.15,F,9BCBD0,F8C5B6
1.15,F,A0CAA7,B3B2B2
1.15,F,A1CAA6,B3B2B2
1.15,F,A2A4C1,B3B2B2
1.15,F,ACBCC4,BDC9CF
1.15,F,B3B2B2,A0CAA7
1.15,F,B3B2B2,A1CAA6
1.15,F,B3B2B2,A2A4C1
1.15,F,BDC9CF,ACBCC4
1.15,F,C1BFE1,F8C5B6
1.15,F,D0D0E0,FFDC98
1.15,F,DADADA,F9C187
1.15,F,E0DFF1,EFF1F3
1.15,F,EFF1F3,E0DFF1
1.15,F,F3A491,79B989
1.15,F,F6AB5D,6FBAC0
1.15,F,F8C5B6,9BCBD0
1.15,F,F8C5B6,C1BFE1
1.15,F,F9C187,DADADA
1.15,F,FFDC98,D0D0E0
1.15,F,FFDC98,FFEECE
1.15,F,FFEECE,FFDC98
1.16,F,2EA9B0,A2A4C1
1.16,F,6FBAC0,EF826E
1.16,F,9BCBD0,D0D0E0
1.16,F,A2A4C1,2EA9B0
1.16,F,C1BFE1,D0D0E0
1.16,F,C1DDE0,FCE3DA
1.16,F,C1DDE0,FFE5B3
1.16,F,D0D0E0,9BCBD0
1.16,F,D0D0E0,C1BFE1
1.16,F,D0D0E0,E0DFF1
1.16,F,DADADA,E2EEE3
1.16,F,E0DFF1,D0D0E0
1.16,F,E2EEE3,DADADA
1.16,F,EF826E,6FBAC0
1.16,F,EFF1F3,FFDC98
1.16,F,F8C5B6,FFDC98
1.16,F,FCE3DA,C1DDE0
1.16,F,FDEBD8,FFFFFF
1.16,F,FFDC98,EFF1F3
1.16,F,FFDC98,F8C5B6
1.16,F,FFE5B3,C1DDE0
1.16,F,FFFFFF,FDEBD8
1.17,F,79B989,ACBCC4
1.17,F,A2A0D0,B3B2B2
1.17,F,ACBCC4,79B989
1.17,F,B3B2B2,A2A0D0
1.17,F,BDC9CF,F3A491
1.17,F,DADADA,E1EEF0
1.17,F,E0DFF1,F8C5B6
1.17,F,E1EEF0,DADADA
1.17,F,E2EEE3,FED47A
1.17,F,F29330,F3A491
1.17,F,F3A491,BDC9CF
1.17,F,F3A491,F29330
1.17,F,F8C5B6,E0DFF1
1.17,F,FCD6B0,FDEBD8
1.17,F,FDEBD8,FCD6B0
1.17,F,FED47A,E2EEE3
1.18,F,A0CAA7,F8C5B6
1.18,F,A1CAA6,F8C5B6
1.18,F,B3B2B2,C1BFE1
1.18,F,BDC9CF,C1DDE0
1.18,F,C1BFE1,B3B2B2
1.18,F,C1DDE0,BDC9CF
1.18,F,D0D0E0,DFE3E7
1.18,F,DFE3E7,D0D0E0
1.18,F,E1EEF0,FED47A
1.18,F,E1EEF0,FFFFFF
1.18,F,F8C5B6,A0CAA7
1.18,F,F8C5B6,A1CAA6
1.18,F,F9C187,FCD6B0
1.18,F,FCD6B0,F9C187
1.18,F,FED47A,E1EEF0
1.18,F,FFFFFF,E1EEF0
1.19,F,45A86C,8482BE
1.19,F,45A86C,A2A0D0
1.19,F,747CA3,EA5D4E
1.19,F,79B989,F6AB5D
1.19,F,8482BE,45A86C
1.19,F,9BCBD0,B3B2B2
1.19,F,A0CAA7,D0D0E0
1.19,F,A1CAA6,D0D0E0
1.19,F,A2A0D0,45A86C
1.19,F,ACBCC4,F29330
1.19,F,B3B2B2,9BCBD0
1.19,F,C1DDE0,E2EEE3
1.19,F,CED6DB,FFE5B3
1.19,F,D0D0E0,A0CAA7
1.19,F,D0D0E0,A1CAA6
1.19,F,DFE3E7,F8C5B6
1.19,F,E2EEE3,C1DDE0
1.19,F,E2EEE3,FFFFFF
1.19,F,EA5D4E,747CA3
1.19,F,F29330,ACBCC4
1.19,F,F6AB5D,79B989
1.19,F,F6AB5D,F9C187
1.19,F,F8C5B6,DFE3E7
1.19,F,F9C187,F6AB5D
1.19,F,FCD6B0,FFEECE
1.19,F,FFE5B3,CED6DB
1.19,F,FFEECE,FCD6B0
1.19,F,FFFFFF,E2EEE3
1.20,F,2EA9B0,EA5D4E
1.20,F,9BCBD0,CED6DB
1.20,F,BDC9CF,DADADA
1.20,F,BDC9CF,FED47A
1.20,F,C1BFE1,CED6DB
1.20,F,C1DDE0,E1EEF0
1.20,F,CED6DB,9BCBD0
1.20,F,CED6DB,C1BFE1
1.20,F,CED6DB,FCE3DA
1.20,F,DADADA,BDC9CF
1.20,F,DADADA,FDEBD8
1.20,F,DFE3E7,FFF6E6
1.20,F,E1EEF0,C1DDE0
1.20,F,EA5D4E,2EA9B0
1.20,F,EFF1F3,FCD6B0
1.20,F,FCD6B0,EFF1F3
1.20,F,FCE3DA,CED6DB
1.20,F,FDEBD8,DADADA
1.20,F,FED47A,BDC9CF
1.20,F,FFF6E6,DFE3E7
1.21,F,2EA9B0,F29330
1.21,F,45A86C,878786
1.21,F,45A86C,A2A4C1
1.21,F,6FBAC0,A0CAA7
1.21,F,6FBAC0,A1CAA6
1.21,F,878786,45A86C
1.21,F,A0CAA7,6FBAC0
1.21,F,A1CAA6,6FBAC0
1.21,F,A2A4C1,45A86C
1.21,F,ACBCC4,F9C187
1.21,F,F29330,2EA9B0
1.21,F,F29330,F6AB5D
1.21,F,F6AB5D,F29330
1.21,F,F9C187,ACBCC4
1.21,F,FDEBD8,FED47A
1.21,F,FED47A,FDEBD8
1.22,F,2EA9B0,79B989
1.22,F,79B989,2EA9B0
1.22,F,A2A4C1,F3A491
1.22,F,B3B2B2,EF826E
1.22,F,C1DDE0,FDEBD8
1.22,F,DADADA,FFEECE
1.22,F,E0DFF1,F9C187
1.22,F,E0DFF1,FFF6E6
1.22,F,EF826E,B3B2B2
1.22,F,F3A491,A2A4C1
1.22,F,F9C187,E0DFF1
1.22,F,F9C187,FFDC98
1.22,F,FCE3DA,FFFFFF
1.22,F,FDEBD8,C1DDE0
1.22,F,FFDC98,F9C187
1.22,F,FFDC98,FFF6E6
1.22,F,FFE5B3,FFFFFF
1.22,F,FFEECE,DADADA
1.22,F,FFF6E6,E0DFF1
1.22,F,FFF6E6,FFDC98
1.22,F,FFFFFF,FCE3DA
1.22,F,FFFFFF,FFE5B3
1.23,F,9BCBD0,C1DDE0
1.23,F,A1CAA6,CED6DB
1.23,F,BDC9CF,FCD6B0
1.23,F,C1DDE0,9BCBD0
1.23,F,CED6DB,A1CAA6
1.23,F,CED6DB,E1EEF0
1.23,F,CED6DB,E2EEE3
1.23,F,DADADA,EFF1F3
1.23,F,E1EEF0,CED6DB
1.23,F,E2EEE3,CED6DB
1.23,F,EFF1F3,DADADA
1.23,F,F3A491,F9C187
1.23,F,F9C187,F3A491
1.23,F,FCD6B0,BDC9CF
1.23,F,FED47A,FFEECE
1.23,F,FFEECE,FED47A
1.24,F,6FBAC0,C1BFE1
1.24,F,A0CAA7,CED6DB
1.24,F,A2A0D0,F3A491
1.24,F,A2A4C1,ACBCC4
1.24,F,ACBCC4,A2A4C1
1.24,F,C1BFE1,6FBAC0
1.24,F,C1BFE1,C1DDE0
1.24,F,C1DDE0,C1BFE1
1.24,F,CED6DB,A0CAA7
1.24,F,D0D0E0,FCE3DA
1.24,F,D0D0E0,FFE5B3
1.24,F,EFF1F3,FED47A
1.24,F,F3A491,A2A0D0
1.24,F,FCE3DA,D0D0E0
1.24,F,FED47A,EFF1F3
1.24,F,FFE5B3,D0D0E0
1.25,F,2EA9B0,8482BE
1.25,F,6567AD,747CA3
1.25,F,6FBAC0,9BCBD0
1.25,F,747CA3,6567AD
1.25,F,8482BE,2EA9B0
1.25,F,9BCBD0,6FBAC0
1.25,F,9BCBD0,FED47A
1.25,F,B3B2B2,BDC9CF
1.25,F,BDC9CF,B3B2B2
1.25,F,C1DDE0,FFEECE
1.25,F,DFE3E7,F9C187
1.25,F,F6AB5D,F8C5B6
1.25,F,F8C5B6,F6AB5D
1.25,F,F8C5B6,FCE3DA
1.25,F,F8C5B6,FFE5B3
1.25,F,F9C187,DFE3E7
1.25,F,FCE3DA,F8C5B6
1.25,F,FED47A,9BCBD0
1.25,F,FFE5B3,F8C5B6
1.25,F,FFEECE,C1DDE0
1.26,F,79B989,A0CAA7
1.26,F,79B989,A1CAA6
1.26,F,9BCBD0,DADADA
1.26,F,A0CAA7,79B989
1.26,F,A1CAA6,79B989
1.26,F,A2A0D0,ACBCC4
1.26,F,A2A4C1,F6AB5D
1.26,F,ACBCC4,A2A0D0
1.26,F,C1BFE1,FED47A
1.26,F,C1DDE0,EFF1F3
1.26,F,CED6DB,FDEBD8
1.26,F,D0D0E0,F6AB5D
1.26,F,DADADA,9BCBD0
1.26,F,EFF1F3,C1DDE0
1.26,F,F6AB5D,A2A4C1
1.26,F,F6AB5D,D0D0E0
1.26,F,FDEBD8,CED6DB
1.26,F,FED47A,C1BFE1
1.27,F,2EA9B0,6FBAC0
1.27,F,2EA9B0,878786
1.27,F,45A86C,F29330
1.27,F,6FBAC0,2EA9B0
1.27,F,878786,2EA9B0
1.27,F,A0CAA7,C1DDE0
1.27,F,A0CAA7,F29330
1.27,F,A1CAA6,C1DDE0
1.27,F,ACBCC4,F8C5B6
1.27,F,C1BFE1,DADADA
1.27,F,C1DDE0,A0CAA7
1.27,F,C1DDE0,A1CAA6
1.27,F,D0D0E0,E2EEE3
1.27,F,DADADA,C1BFE1
1.27,F,E2EEE3,D0D0E0
1.27,F,F29330,45A86C
1.27,F,F29330,A0CAA7
1.27,F,F8C5B6,ACBCC4
1.27,F,FCD6B0,FFF6E6
1.27,F,FFF6E6,FCD6B0
1.28,F,45A86C,79B989
1.28,F,79B989,45A86C
1.28,F,A1CAA6,F29330
1.28,F,A2A0D0,F6AB5D
1.28,F,ACBCC4,D0D0E0
1.28,F,BDC9CF,E0DFF1
1.28,F,BDC9CF,FFDC98
1.28,F,CED6DB,FFEECE
1.28,F,D0D0E0,ACBCC4
1.28,F,D0D0E0,E1EEF0
1.28,F,DFE3E7,FFFFFF
1.28,F,E0DFF1,BDC9CF
1.28,F,E1EEF0,D0D0E0
1.28,F,E2EEE3,F8C5B6
1.28,F,F29330,A1CAA6
1.28,F,F6AB5D,A2A0D0
1.28,F,F8C5B6,E2EEE3
1.28,F,FFDC98,BDC9CF
1.28,F,FFEECE,CED6DB
1.28,F,FFFFFF,DFE3E7
1.29,F,79B989,9BCBD0
1.29,F,79B989,C1BFE1
1.29,F,9BCBD0,79B989
1.29,F,9BCBD0,FCD6B0
1.29,F,A0CAA7,FED47A
1.29,F,A1CAA6,FED47A
1.29,F,C1BFE1,79B989
1.29,F,E1EEF0,F8C5B6
1.29,F,F3A491,F8C5B6
1.29,F,F8C5B6,E1EEF0
1.29,F,F8C5B6,F3A491
1.29,F,FCD6B0,9BCBD0
1.29,F,FED47A,A0CAA7
1.29,F,FED47A,A1CAA6
1.30,F,A0CAA7,DADADA
1.30,F,A1CAA6,DADADA
1.30,F,C1BFE1,FCD6B0
1.30,F,CED6DB,EFF1F3
1.30,F,CED6DB,F6AB5D
1.30,F,D0D0E0,F3A491
1.30,F,D0D0E0,FDEBD8
1.30,F,DADADA,A0CAA7
1.30,F,DADADA,A1CAA6
1.30,F,DADADA,FFF6E6
1.30,F,EF826E,F3A491
1.30,F,EFF1F3,CED6DB
1.30,F,F3A491,D0D0E0
1.30,F,F3A491,EF826E
1.30,F,F6AB5D,CED6DB
1.30,F,FCD6B0,C1BFE1
1.30,F,FDEBD8,D0D0E0
1.30,F,FFF6E6,DADADA
1.31,F,6FBAC0,BDC9CF
1.31,F,9BCBD0,F29330
1.31,F,B3B2B2,F9C187
1.31,F,BDC9CF,6FBAC0
1.31,F,BDC9CF,DFE3E7
1.31,F,C1BFE1,F29330
1.31,F,DFE3E7,BDC9CF
1.31,F,E0DFF1,FFFFFF
1.31,F,EA5D4E,EF826E
1.31,F,EF826E,EA5D4E
1.31,F,F29330,9BCBD0
1.31,F,F29330,C1BFE1
1.31,F,F9C187,B3B2B2
1.31,F,F9C187,FCE3DA
1.31,F,F9C187,FFE5B3
1.31,F,FCE3DA,F9C187
1.31,F,FED47A,FFF6E6
1.31,F,FFDC98,FFFFFF
1.31,F,FFE5B3,F9C187
1.31,F,FFF6E6,FED47A
1.31,F,FFFFFF,E0DFF1
1.31,F,FFFFFF,FFDC98
1.32,F,ACBCC4,CED6DB
1.32,F,ACBCC4,EF826E
1.32,F,CED6DB,ACBCC4
1.32,F,EF826E,ACBCC4
1.32,F,F8C5B6,FDEBD8
1.32,F,FDEBD8,F8C5B6
1.33,F,2EA9B0,B3B2B2
1.33,F,45A86C,6FBAC0
1.33,F,475989,6567AD
1.33,F,6567AD,475989
1.33,F,6FBAC0,45A86C
1.33,F,A0CAA7,A2A4C1
1.33,F,A0CAA7,FCD6B0
1.33,F,A1CAA6,A2A4C1
1.33,F,A1CAA6,FCD6B0
1.33,F,A2A4C1,A0CAA7
1.33,F,A2A4C1,A1CAA6
1.33,F,B3B2B2,2EA9B0
1.33,F,C1DDE0,FFF6E6
1.33,F,D0D0E0,FFEECE
1.33,F,FCD6B0,A0CAA7
1.33,F,FCD6B0,A1CAA6
1.33,F,FFEECE,D0D0E0
1.33,F,FFF6E6,C1DDE0
1.34,F,9BCBD0,FFDC98
1.34,F,C1DDE0,F6AB5D
1.34,F,D0D0E0,EFF1F3
1.34,F,EF826E,F6AB5D
1.34,F,EFF1F3,D0D0E0
1.34,F,F6AB5D,C1DDE0
1.34,F,F6AB5D,EF826E
1.34,F,F8C5B6,FFEECE
1.34,F,FFDC98,9BCBD0
1.34,F,FFEECE,F8C5B6
1.35,F,9BCBD0,E0DFF1
1.35,F,A0CAA7,A2A0D0
1.35,F,A1CAA6,A2A0D0
1.35,F,A2A0D0,A0CAA7
1.35,F,A2A0D0,A1CAA6
1.35,F,C1BFE1,E0DFF1
1.35,F,C1BFE1,FFDC98
1.35,F,CED6DB,F3A491
1.35,F,E0DFF1,9BCBD0
1.35,F,E0DFF1,C1BFE1
1.35,F,E2EEE3,F9C187
1.35,F,EFF1F3,F8C5B6
1.35,F,F3A491,CED6DB
1.35,F,F8C5B6,EFF1F3
1.35,F,F9C187,E2EEE3
1.35,F,FFDC98,C1BFE1
1.36,F,79B989,BDC9CF
1.36,F,8482BE,EF826E
1.36,F,ACBCC4,C1DDE0
1.36,F,BDC9CF,79B989
1.36,F,C1DDE0,ACBCC4
1.36,F,E1EEF0,F9C187
1.36,F,EF826E,8482BE
1.36,F,F6AB5D,FED47A
1.36,F,F9C187,E1EEF0
1.36,F,FCD6B0,FFFFFF
1.36,F,FED47A,F6AB5D
1.36,F,FFFFFF,FCD6B0
1.37,F,45A86C,747CA3
1.37,F,6FBAC0,F9C187
1.37,F,747CA3,45A86C
1.37,F,9BCBD0,A2A4C1
1.37,F,9BCBD0,DFE3E7
1.37,F,A2A0D0,EA5D4E
1.37,F,A2A4C1,9BCBD0
1.37,F,A2A4C1,C1BFE1
1.37,F,B3B2B2,F8C5B6
1.37,F,BDC9CF,FFE5B3
1.37,F,C1BFE1,A2A4C1
1.37,F,C1BFE1,DFE3E7
1.37,F,CED6DB,FFF6E6
1.37,F,DADADA,F6AB5D
1.37,F,DFE3E7,9BCBD0
1.37,F,DFE3E7,C1BFE1
1.37,F,EA5D4E,A2A0D0
1.37,F,F6AB5D,DADADA
1.37,F,F8C5B6,B3B2B2
1.37,F,F9C187,6FBAC0
1.37,F,FFE5B3,BDC9CF
1.37,F,FFF6E6,CED6DB
1.38,F,878786,EF826E
1.38,F,A0CAA7,FFDC98
1.38,F,A1CAA6,E0DFF1
1.38,F,A1CAA6,FFDC98
1.38,F,ACBCC4,FED47A
1.38,F,B3B2B2,D0D0E0
1.38,F,BDC9CF,F29330
1.38,F,BDC9CF,FCE3DA
1.38,F,D0D0E0,B3B2B2
1.38,F,E0DFF1,A1CAA6
1.38,F,EF826E,878786
1.38,F,F29330,BDC9CF
1.38,F,F9C187,FDEBD8
1.38,F,FCE3DA,BDC9CF
1.38,F,FDEBD8,F9C187
1.38,F,FED47A,ACBCC4
1.38,F,FFDC98,A0CAA7
1.38,F,FFDC98,A1CAA6
1.39,F,9BCBD0,A2A0D0
1.39,F,A0CAA7,E0DFF1
1.39,F,A2A0D0,9BCBD0
1.39,F,A2A0D0,C1BFE1
1.39,F,A2A4C1,EA5D4E
1.39,F,ACBCC4,DADADA
1.39,F,C1BFE1,A2A0D0
1.39,F,C1DDE0,F3A491
1.39,F,DADADA,ACBCC4
1.39,F,DADADA,FFFFFF
1.39,F,E0DFF1,A0CAA7
1.39,F,EA5D4E,A2A4C1
1.39,F,F3A491,C1DDE0
1.39,F,FFFFFF,DADADA
1.40,F,45A86C,B3B2B2
1.40,F,B3B2B2,45A86C
1.40,F,FED47A,FFFFFF
1.40,F,FFFFFF,FED47A
1.41,F,2EA9B0,F3A491
1.41,F,A0CAA7,DFE3E7
1.41,F,A1CAA6,DFE3E7
1.41,F,BDC9CF,E2EEE3
1.41,F,DFE3E7,A0CAA7
1.41,F,DFE3E7,A1CAA6
1.41,F,E2EEE3,BDC9CF
1.41,F,F3A491,2EA9B0
1.41,F,F3A491,FED47A
1.41,F,F6AB5D,FCD6B0
1.41,F,F9C187,FFEECE
1.41,F,FCD6B0,F6AB5D
1.41,F,FED47A,F3A491
1.41,F,FFEECE,F9C187
1.42,F,575656,6567AD
1.42,F,6567AD,575656
1.42,F,6567AD,878786
1.42,F,79B989,F9C187
1.42,F,878786,6567AD
1.42,F,A0CAA7,EF826E
1.42,F,A1CAA6,EF826E
1.42,F,BDC9CF,E1EEF0
1.42,F,C1DDE0,FFFFFF
1.42,F,D0D0E0,FFF6E6
1.42,F,DADADA,F3A491
1.42,F,E1EEF0,BDC9CF
1.42,F,EF826E,A0CAA7
1.42,F,EF826E,A1CAA6
1.42,F,EFF1F3,F9C187
1.42,F,F3A491,DADADA
1.42,F,F9C187,79B989
1.42,F,F9C187,EFF1F3
1.42,F,FFF6E6,D0D0E0
1.42,F,FFFFFF,C1DDE0
1.43,F,2EA9B0,747CA3
1.43,F,747CA3,2EA9B0
1.43,F,8482BE,A2A0D0
1.43,F,A2A0D0,8482BE
1.43,F,ACBCC4,FCD6B0
1.43,F,B3B2B2,CED6DB
1.43,F,CED6DB,B3B2B2
1.43,F,F8C5B6,FFF6E6
1.43,F,FCD6B0,ACBCC4
1.43,F,FFF6E6,F8C5B6
1.44,F,2EA9B0,ACBCC4
1.44,F,6567AD,8482BE
1.44,F,6FBAC0,F8C5B6
1.44,F,8482BE,6567AD
1.44,F,9BCBD0,FCE3DA
1.44,F,9BCBD0,FFE5B3
1.44,F,A2A4C1,BDC9CF
1.44,F,ACBCC4,2EA9B0
1.44,F,BDC9CF,A2A4C1
1.44,F,C1BFE1,FFE5B3
1.44,F,F29330,F9C187
1.44,F,F8C5B6,6FBAC0
1.44,F,F9C187,F29330
1.44,F,FCE3DA,9BCBD0
1.44,F,FFE5B3,9BCBD0
1.44,F,FFE5B3,C1BFE1
1.45,F,193E72,575656
1.45,F,575656,193E72
1.45,F,6FBAC0,D0D0E0
1.45,F,8482BE,A2A4C1
1.45,F,878786,A2A0D0
1.45,F,A2A0D0,878786
1.45,F,A2A4C1,8482BE
1.45,F,BDC9CF,FDEBD8
1.45,F,C1BFE1,EF826E
1.45,F,C1BFE1,FCE3DA
1.45,F,D0D0E0,6FBAC0
1.45,F,EA5D4E,F29330
1.45,F,EF826E,C1BFE1
1.45,F,F29330,EA5D4E
1.45,F,FCE3DA,C1BFE1
1.45,F,FDEBD8,BDC9CF
1.46,F,2EA9B0,F6AB5D
1.46,F,9BCBD0,EF826E
1.46,F,A2A0D0,BDC9CF
1.46,F,BDC9CF,A2A0D0
1.46,F,E0DFF1,F6AB5D
1.46,F,EF826E,9BCBD0
1.46,F,F3A491,FCD6B0
1.46,F,F6AB5D,2EA9B0
1.46,F,F6AB5D,E0DFF1
1.46,F,F6AB5D,FFDC98
1.46,F,FCD6B0,F3A491
1.46,F,FFDC98,F6AB5D
1.47,F,79B989,EA5D4E
1.47,F,878786,A2A4C1
1.47,F,A2A4C1,878786
1.47,F,B3B2B2,C1DDE0
1.47,F,BDC9CF,FFEECE
1.47,F,C1DDE0,B3B2B2
1.47,F,CED6DB,FFFFFF
1.47,F,EA5D4E,79B989
1.47,F,FFEECE,BDC9CF
1.47,F,FFFFFF,CED6DB
1.48,F,45A86C,F3A491
1.48,F,9BCBD0,E2EEE3
1.48,F,A0CAA7,FFE5B3
1.48,F,A1CAA6,FCE3DA
1.48,F,A1CAA6,FFE5B3
1.48,F,ACBCC4,E0DFF1
1.48,F,ACBCC4,FFDC98
1.48,F,C1BFE1,E2EEE3
1.48,F,E0DFF1,ACBCC4
1.48,F,E2EEE3,9BCBD0
1.48,F,E2EEE3,C1BFE1
1.48,F,F3A491,45A86C
1.48,F,FCE3DA,A1CAA6
1.48,F,FFDC98,ACBCC4
1.48,F,FFE5B3,A0CAA7
1.48,F,FFE5B3,A1CAA6
1.49,F,79B989,F8C5B6
1.49,F,9BCBD0,E1EEF0
1.49,F,A0CAA7,FCE3DA
1.49,F,BDC9CF,EFF1F3
1.49,F,C1BFE1,E1EEF0
1.49,F,DFE3E7,F6AB5D
1.49,F,E1EEF0,9BCBD0
1.49,F,E1EEF0,C1BFE1
1.49,F,EFF1F3,BDC9CF
1.49,F,F6AB5D,DFE3E7
1.49,F,F8C5B6,79B989
1.49,F,FCE3DA,A0CAA7
1.50,F,6567AD,EA5D4E
1.50,F,6FBAC0,CED6DB
1.50,F,A2A4C1,F9C187
1.50,F,B3B2B2,FED47A
1.50,F,CED6DB,6FBAC0
1.50,F,EA5D4E,6567AD
1.50,F,F9C187,A2A4C1
1.50,F,F9C187,FFF6E6
1.50,F,FED47A,B3B2B2
1.50,F,FFF6E6,F9C187
1.51,F,45A86C,ACBCC4
1.51,F,79B989,D0D0E0
1.51,F,8482BE,F29330
1.51,F,ACBCC4,45A86C
1.51,F,ACBCC4,DFE3E7
1.51,F,B3B2B2,DADADA
1.51,F,D0D0E0,79B989
1.51,F,DADADA,B3B2B2
1.51,F,DFE3E7,ACBCC4
1.51,F,E0DFF1,F3A491
1.51,F,F29330,8482BE
1.51,F,F29330,F8C5B6
1.51,F,F3A491,E0DFF1
1.51,F,F3A491,FFDC98
1.51,F,F8C5B6,F29330
1.51,F,FFDC98,F3A491
1.52,F,9BCBD0,FDEBD8
1.52,F,A0CAA7,E2EEE3
1.52,F,A1CAA6,E2EEE3
1.52,F,C1BFE1,FDEBD8
1.52,F,D0D0E0,FFFFFF
1.52,F,E2EEE3,A0CAA7
1.52,F,E2EEE3,A1CAA6
1.52,F,FDEBD8,9BCBD0
1.52,F,FDEBD8,C1BFE1
1.52,F,FFFFFF,D0D0E0
1.53,F,6FBAC0,EA5D4E
1.53,F,878786,F29330
1.53,F,A0CAA7,E1EEF0
1.53,F,A1CAA6,E1EEF0
1.53,F,A2A0D0,F9C187
1.53,F,BDC9CF,EF826E
1.53,F,D0D0E0,F29330
1.53,F,E1EEF0,A0CAA7
1.53,F,E1EEF0,A1CAA6
1.53,F,EA5D4E,6FBAC0
1.53,F,EF826E,BDC9CF
1.53,F,F29330,878786
1.53,F,F29330,D0D0E0
1.53,F,F8C5B6,FFFFFF
1.53,F,F9C187,A2A0D0
1.53,F,FFFFFF,F8C5B6
1.54,F,193E72,475989
1.54,F,45A86C,F6AB5D
1.54,F,475989,193E72
1.54,F,79B989,8482BE
1.54,F,8482BE,79B989
1.54,F,B3B2B2,FCD6B0
1.54,F,DFE3E7,F3A491
1.54,F,F3A491,DFE3E7
1.54,F,F6AB5D,45A86C
1.54,F,FCD6B0,B3B2B2
1.55,F,2EA9B0,A0CAA7
1.55,F,2EA9B0,A1CAA6
1.55,F,6FBAC0,C1DDE0
1.55,F,9BCBD0,FFEECE
1.55,F,A0CAA7,2EA9B0
1.55,F,A1CAA6,2EA9B0
1.55,F,C1BFE1,FFEECE
1.55,F,C1DDE0,6FBAC0
1.55,F,FFEECE,9BCBD0
1.55,F,FFEECE,C1BFE1
1.56,F,747CA3,EF826E
1.56,F,79B989,878786
1.56,F,79B989,CED6DB
1.56,F,878786,79B989
1.56,F,9BCBD0,EFF1F3
1.56,F,A0CAA7,FDEBD8
1.56,F,A1CAA6,FDEBD8
1.56,F,CED6DB,79B989
1.56,F,EF826E,747CA3
1.56,F,EFF1F3,9BCBD0
1.56,F,F6AB5D,FFE5B3
1.56,F,FDEBD8,A0CAA7
1.56,F,FDEBD8,A1CAA6
1.56,F,FFE5B3,F6AB5D
1.57,F,6FBAC0,FED47A
1.57,F,BDC9CF,FFF6E6
1.57,F,C1BFE1,EFF1F3
1.57,F,EFF1F3,C1BFE1
1.57,F,F6AB5D,FCE3DA
1.57,F,FCE3DA,F6AB5D
1.57,F,FED47A,6FBAC0
1.57,F,FFF6E6,BDC9CF
1.58,F,193E72,1D1D1B
1.58,F,1D1D1B,193E72
1.58,F,6FBAC0,DADADA
1.58,F,A2A4C1,F8C5B6
1.58,F,CED6DB,F29330
1.58,F,DADADA,6FBAC0
1.58,F,F29330,CED6DB
1.58,F,F8C5B6,A2A4C1
1.59,F,2EA9B0,9BCBD0
1.59,F,2EA9B0,C1BFE1
1.59,F,6FBAC0,8482BE
1.59,F,8482BE,6FBAC0
1.59,F,9BCBD0,2EA9B0
1.59,F,A0CAA7,FFEECE
1.59,F,A1CAA6,FFEECE
1.59,F,A2A4C1,D0D0E0
1.59,F,ACBCC4,FCE3DA
1.59,F,ACBCC4,FFE5B3
1.59,F,C1BFE1,2EA9B0
1.59,F,D0D0E0,A2A4C1
1.59,F,FCE3DA,ACBCC4
1.59,F,FFE5B3,ACBCC4
1.59,F,FFEECE,A0CAA7
1.59,F,FFEECE,A1CAA6
1.60,F,B3B2B2,EA5D4E
1.60,F,B3B2B2,FFDC98
1.60,F,EA5D4E,B3B2B2
1.60,F,EF826E,F9C187
1.60,F,F9C187,EF826E
1.60,F,FFDC98,B3B2B2
1.61,F,6FBAC0,878786
1.61,F,79B989,C1DDE0
1.61,F,878786,6FBAC0
1.61,F,A0CAA7,EFF1F3
1.61,F,A1CAA6,EFF1F3
1.61,F,A2A0D0,F8C5B6
1.61,F,B3B2B2,E0DFF1
1.61,F,C1DDE0,79B989
1.61,F,E0DFF1,B3B2B2
1.61,F,E2EEE3,F6AB5D
1.61,F,EFF1F3,A0CAA7
1.61,F,EFF1F3,A1CAA6
1.61,F,F6AB5D,E2EEE3
1.61,F,F8C5B6,A2A0D0
1.61,F,F9C187,FFFFFF
1.61,F,FFFFFF,F9C187
1.62,F,45A86C,A0CAA7
1.62,F,45A86C,A1CAA6
1.62,F,6FBAC0,FCD6B0
1.62,F,A0CAA7,45A86C
1.62,F,A1CAA6,45A86C
1.62,F,A2A0D0,D0D0E0
1.62,F,D0D0E0,A2A0D0
1.62,F,E1EEF0,F6AB5D
1.62,F,F3A491,FCE3DA
1.62,F,F3A491,FFE5B3
1.62,F,F6AB5D,E1EEF0
1.62,F,FCD6B0,6FBAC0
1.62,F,FCE3DA,F3A491
1.62,F,FFE5B3,F3A491
1.63,F,79B989,FED47A
1.63,F,ACBCC4,E2EEE3
1.63,F,B3B2B2,DFE3E7
1.63,F,C1DDE0,F29330
1.63,F,DFE3E7,B3B2B2
1.63,F,E2EEE3,ACBCC4
1.63,F,F29330,C1DDE0
1.63,F,FED47A,79B989
1.64,F,747CA3,A2A0D0
1.64,F,79B989,DADADA
1.64,F,A2A0D0,747CA3
1.64,F,ACBCC4,E1EEF0
1.64,F,DADADA,79B989
1.64,F,E1EEF0,ACBCC4
1.65,F,9BCBD0,FFF6E6
1.65,F,A2A4C1,CED6DB
1.65,F,C1BFE1,FFF6E6
1.65,F,CED6DB,A2A4C1
1.65,F,F29330,FED47A
1.65,F,F6AB5D,FDEBD8
1.65,F,FDEBD8,F6AB5D
1.65,F,FED47A,F29330
1.65,F,FFF6E6,9BCBD0
1.65,F,FFF6E6,C1BFE1
1.66,F,45A86C,C1BFE1
1.66,F,C1BFE1,45A86C
1.66,F,E2EEE3,F3A491
1.66,F,F3A491,E2EEE3
1.67,F,2EA9B0,BDC9CF
1.67,F,45A86C,9BCBD0
1.67,F,747CA3,A2A4C1
1.67,F,8482BE,B3B2B2
1.67,F,9BCBD0,45A86C
1.67,F,A2A4C1,747CA3
1.67,F,B3B2B2,8482BE
1.67,F,BDC9CF,2EA9B0
1.67,F,DADADA,F29330
1.67,F,E1EEF0,F3A491
1.67,F,F29330,DADADA
1.67,F,F3A491,E1EEF0
1.68,F,475989,747CA3
1.68,F,6FBAC0,FFDC98
1.68,F,747CA3,475989
1.68,F,79B989,FCD6B0
1.68,F,A2A0D0,CED6DB
1.68,F,ACBCC4,FDEBD8
1.68,F,CED6DB,A2A0D0
1.68,F,EF826E,F8C5B6
1.68,F,F6AB5D,FFEECE
1.68,F,F8C5B6,EF826E
1.68,F,FCD6B0,79B989
1.68,F,FDEBD8,ACBCC4
1.68,F,FFDC98,6FBAC0
1.68,F,FFEECE,F6AB5D
1.69,F,6FBAC0,E0DFF1
1.69,F,878786,B3B2B2
1.69,F,B3B2B2,878786
1.69,F,BDC9CF,FFFFFF
1.69,F,E0DFF1,6FBAC0
1.69,F,FFFFFF,BDC9CF
1.70,F,A0CAA7,FFF6E6
1.70,F,A1CAA6,FFF6E6
1.70,F,A2A4C1,C1DDE0
1.70,F,ACBCC4,FFEECE
1.70,F,C1DDE0,A2A4C1
1.70,F,D0D0E0,EF826E
1.70,F,EA5D4E,F3A491
1.70,F,EF826E,D0D0E0
1.70,F,EFF1F3,F6AB5D
1.70,F,F3A491,EA5D4E
1.70,F,F6AB5D,EFF1F3
1.70,F,FFEECE,ACBCC4
1.70,F,FFF6E6,A0CAA7
1.70,F,FFF6E6,A1CAA6
1.71,F,F29330,FCD6B0
1.71,F,F3A491,FDEBD8
1.71,F,FCD6B0,F29330
1.71,F,FDEBD8,F3A491
1.72,F,45A86C,6567AD
1.72,F,6567AD,45A86C
1.72,F,6FBAC0,DFE3E7
1.72,F,ACBCC4,EFF1F3
1.72,F,B3B2B2,FCE3DA
1.72,F,B3B2B2,FFE5B3
1.72,F,DFE3E7,6FBAC0
1.72,F,EFF1F3,ACBCC4
1.72,F,FCE3DA,B3B2B2
1.72,F,FFE5B3,B3B2B2
1.73,F,A2A0D0,C1DDE0
1.73,F,A2A4C1,FED47A
1.73,F,C1DDE0,A2A0D0
1.73,F,FED47A,A2A4C1
1.74,F,747CA3,F29330
1.74,F,79B989,FFDC98
1.74,F,A2A4C1,DADADA
1.74,F,ACBCC4,EA5D4E
1.74,F,DADADA,A2A4C1
1.74,F,EA5D4E,ACBCC4
1.74,F,F29330,747CA3
1.74,F,F3A491,FFEECE
1.74,F,FFDC98,79B989
1.74,F,FFEECE,F3A491
1.75,F,2EA9B0,F9C187
1.75,F,45A86C,BDC9CF
1.75,F,79B989,E0DFF1
1.75,F,A2A0D0,FED47A
1.75,F,BDC9CF,45A86C
1.75,F,E0DFF1,79B989
1.75,F,F9C187,2EA9B0
1.75,F,FED47A,A2A0D0
1.76,F,747CA3,79B989
1.76,F,79B989,747CA3
1.76,F,CED6DB,EF826E
1.76,F,EA5D4E,F6AB5D
1.76,F,EF826E,CED6DB
1.76,F,EFF1F3,F3A491
1.76,F,F3A491,EFF1F3
1.76,F,F6AB5D,EA5D4E
1.77,F,8482BE,F3A491
1.77,F,9BCBD0,FFFFFF
1.77,F,A2A0D0,DADADA
1.77,F,B3B2B2,E2EEE3
1.77,F,C1BFE1,FFFFFF
1.77,F,DADADA,A2A0D0
1.77,F,E0DFF1,F29330
1.77,F,E2EEE3,B3B2B2
1.77,F,F29330,E0DFF1
1.77,F,F29330,FFDC98
1.77,F,F3A491,8482BE
1.77,F,FFDC98,F29330
1.77,F,FFFFFF,9BCBD0
1.77,F,FFFFFF,C1BFE1
1.78,F,79B989,DFE3E7
1.78,F,A2A4C1,FCD6B0
1.78,F,B3B2B2,E1EEF0
1.78,F,DFE3E7,79B989
1.78,F,E1EEF0,B3B2B2
1.78,F,FCD6B0,A2A4C1
1.79,F,575656,747CA3
1.79,F,747CA3,575656
1.79,F,F6AB5D,FFF6E6
1.79,F,FFF6E6,F6AB5D
1.80,F,6FBAC0,FFE5B3
1.80,F,878786,F3A491
1.80,F,F3A491,878786
1.80,F,FFE5B3,6FBAC0
1.81,F,2EA9B0,6567AD
1.81,F,6567AD,2EA9B0
1.81,F,6FBAC0,FCE3DA
1.81,F,8482BE,ACBCC4
1.81,F,A2A0D0,FCD6B0
1.81,F,ACBCC4,8482BE
1.81,F,B3B2B2,FDEBD8
1.81,F,C1DDE0,EF826E
1.81,F,DFE3E7,F29330
1.81,F,EF826E,C1DDE0
1.81,F,F29330,DFE3E7
1.81,F,FCD6B0,A2A0D0
1.81,F,FCE3DA,6FBAC0
1.81,F,FDEBD8,B3B2B2
1.82,F,A0CAA7,FFFFFF
1.82,F,A1CAA6,FFFFFF
1.82,F,ACBCC4,FFF6E6
1.82,F,FFF6E6,ACBCC4
1.82,F,FFFFFF,A0CAA7
1.82,F,FFFFFF,A1CAA6
1.83,F,45A86C,F9C187
1.83,F,6FBAC0,747CA3
1.83,F,747CA3,6FBAC0
1.83,F,878786,ACBCC4
1.83,F,ACBCC4,878786
1.83,F,F9C187,45A86C
1.84,F,2EA9B0,F8C5B6
1.84,F,8482BE,F6AB5D
1.84,F,EF826E,FED47A
1.84,F,F6AB5D,8482BE
1.84,F,F8C5B6,2EA9B0
1.84,F,FED47A,EF826E
1.85,F,2EA9B0,D0D0E0
1.85,F,6FBAC0,E2EEE3
1.85,F,A2A4C1,E0DFF1
1.85,F,A2A4C1,FFDC98
1.85,F,B3B2B2,FFEECE
1.85,F,D0D0E0,2EA9B0
1.85,F,DADADA,EF826E
1.85,F,E0DFF1,A2A4C1
1.85,F,E2EEE3,6FBAC0
1.85,F,EF826E,DADADA
1.85,F,F3A491,FFF6E6
1.85,F,FFDC98,A2A4C1
1.85,F,FFEECE,B3B2B2
1.85,F,FFF6E6,F3A491
1.86,F,6FBAC0,E1EEF0
1.86,F,878786,F6AB5D
1.86,F,A0CAA7,EA5D4E
1.86,F,A1CAA6,EA5D4E
1.86,F,B3B2B2,EFF1F3
1.86,F,E1EEF0,6FBAC0
1.86,F,EA5D4E,A0CAA7
1.86,F,EA5D4E,A1CAA6
1.86,F,EFF1F3,B3B2B2
1.86,F,F6AB5D,878786
1.87,F,79B989,FFE5B3
1.87,F,FFE5B3,79B989
1.88,F,79B989,FCE3DA
1.88,F,A2A0D0,E0DFF1
1.88,F,A2A0D0,FFDC98
1.88,F,A2A4C1,DFE3E7
1.88,F,DFE3E7,A2A4C1
1.88,F,E0DFF1,A2A0D0
1.88,F,FCE3DA,79B989
1.88,F,FFDC98,A2A0D0
1.90,F,475989,878786
1.90,F,6FBAC0,FDEBD8
1.90,F,878786,475989
1.90,F,EF826E,FCD6B0
1.90,F,F29330,FCE3DA
1.90,F,F29330,FFE5B3
1.90,F,FCD6B0,EF826E
1.90,F,FCE3DA,F29330
1.90,F,FDEBD8,6FBAC0
1.90,F,FFE5B3,F29330
1.91,F,9BCBD0,EA5D4E
1.91,F,C1BFE1,EA5D4E
1.91,F,EA5D4E,9BCBD0
1.91,F,EA5D4E,C1BFE1
1.92,F,2EA9B0,CED6DB
1.92,F,747CA3,B3B2B2
1.92,F,79B989,E2EEE3
1.92,F,A2A0D0,DFE3E7
1.92,F,B3B2B2,747CA3
1.92,F,CED6DB,2EA9B0
1.92,F,DFE3E7,A2A0D0
1.92,F,E2EEE3,79B989
1.92,F,F6AB5D,FFFFFF
1.92,F,FFFFFF,F6AB5D
1.93,F,45A86C,F8C5B6
1.93,F,475989,8482BE
1.93,F,8482BE,475989
1.93,F,F8C5B6,45A86C
1.94,F,45A86C,D0D0E0
1.94,F,6FBAC0,FFEECE
1.94,F,79B989,E1EEF0
1.94,F,8482BE,A0CAA7
1.94,F,8482BE,A1CAA6
1.94,F,A0CAA7,8482BE
1.94,F,A1CAA6,8482BE
1.94,F,D0D0E0,45A86C
1.94,F,E1EEF0,79B989
1.94,F,FFEECE,6FBAC0
1.95,F,ACBCC4,FFFFFF
1.95,F,E2EEE3,F29330
1.95,F,F29330,E2EEE3
1.95,F,FFFFFF,ACBCC4
1.96,F,6FBAC0,EFF1F3
1.96,F,878786,A0CAA7
1.96,F,A0CAA7,878786
1.96,F,E1EEF0,F29330
1.96,F,EFF1F3,6FBAC0
1.96,F,F29330,E1EEF0
1.97,F,2EA9B0,C1DDE0
1.97,F,6567AD,EF826E
1.97,F,878786,A1CAA6
1.97,F,A1CAA6,878786
1.97,F,B3B2B2,FFF6E6
1.97,F,C1DDE0,2EA9B0
1.97,F,E0DFF1,EF826E
1.97,F,EF826E,6567AD
1.97,F,EF826E,E0DFF1
1.97,F,EF826E,FFDC98
1.97,F,FFDC98,EF826E
1.97,F,FFF6E6,B3B2B2
1.98,F,79B989,FDEBD8
1.98,F,A2A4C1,FCE3DA
1.98,F,A2A4C1,FFE5B3
1.98,F,FCE3DA,A2A4C1
1.98,F,FDEBD8,79B989
1.98,F,FFE5B3,A2A4C1
1.99,F,8482BE,C1BFE1
1.99,F,C1BFE1,8482BE
1.99,F,F3A491,FFFFFF
1.99,F,FFFFFF,F3A491
2.00,F,8482BE,9BCBD0
2.00,F,9BCBD0,8482BE
2.00,F,F29330,FDEBD8
2.00,F,FDEBD8,F29330
2.01,F,2EA9B0,FED47A
2.01,F,45A86C,CED6DB
2.01,F,475989,EA5D4E
2.01,F,79B989,FFEECE
2.01,F,A2A0D0,FFE5B3
2.01,F,BDC9CF,EA5D4E
2.01,F,CED6DB,45A86C
2.01,F,DFE3E7,EF826E
2.01,F,EA5D4E,475989
2.01,F,EA5D4E,BDC9CF
2.01,F,EF826E,DFE3E7
2.01,F,FED47A,2EA9B0
2.01,F,FFE5B3,A2A0D0
2.01,F,FFEECE,79B989
2.02,F,2EA9B0,DADADA
2.02,F,878786,9BCBD0
2.02,F,878786,C1BFE1
2.02,F,9BCBD0,878786
2.02,F,A2A0D0,FCE3DA
2.02,F,C1BFE1,878786
2.02,F,DADADA,2EA9B0
2.02,F,FCE3DA,A2A0D0
2.03,F,575656,878786
2.03,F,79B989,EFF1F3
2.03,F,878786,575656
2.03,F,A2A4C1,E2EEE3
2.03,F,E2EEE3,A2A4C1
2.03,F,EFF1F3,79B989
2.04,F,747CA3,F3A491
2.04,F,F29330,FFEECE
2.04,F,F3A491,747CA3
2.04,F,FFEECE,F29330
2.05,F,A2A4C1,E1EEF0
2.05,F,E1EEF0,A2A4C1
2.06,F,575656,8482BE
2.06,F,6567AD,A2A0D0
2.06,F,6FBAC0,FFF6E6
2.06,F,8482BE,575656
2.06,F,A2A0D0,6567AD
2.06,F,EFF1F3,F29330
2.06,F,F29330,EFF1F3
2.06,F,FFF6E6,6FBAC0
2.07,F,193E72,6567AD
2.07,F,2EA9B0,FCD6B0
2.07,F,45A86C,C1DDE0
2.07,F,6567AD,193E72
2.07,F,A2A0D0,E2EEE3
2.07,F,C1DDE0,45A86C
2.07,F,E2EEE3,A2A0D0
2.07,F,FCD6B0,2EA9B0
2.08,F,747CA3,ACBCC4
2.08,F,A2A0D0,E1EEF0
2.08,F,ACBCC4,747CA3
2.08,F,E1EEF0,A2A0D0
2.09,F,8482BE,BDC9CF
2.09,F,A2A4C1,FDEBD8
2.09,F,BDC9CF,8482BE
2.09,F,FDEBD8,A2A4C1
2.10,F,45A86C,FED47A
2.10,F,6567AD,A2A4C1
2.10,F,A2A4C1,6567AD
2.10,F,EA5D4E,F9C187
2.10,F,F9C187,EA5D4E
2.10,F,FED47A,45A86C
2.11,F,747CA3,F6AB5D
2.11,F,B3B2B2,FFFFFF
2.11,F,EF826E,FCE3DA
2.11,F,EF826E,FFE5B3
2.11,F,F6AB5D,747CA3
2.11,F,FCE3DA,EF826E
2.11,F,FFE5B3,EF826E
2.11,F,FFFFFF,B3B2B2
2.12,F,45A86C,DADADA
2.12,F,878786,BDC9CF
2.12,F,A2A0D0,FDEBD8
2.12,F,BDC9CF,878786
2.12,F,DADADA,45A86C
2.12,F,FDEBD8,A2A0D0
2.13,F,A2A4C1,FFEECE
2.13,F,FFEECE,A2A4C1
2.14,F,2EA9B0,FFDC98
2.14,F,79B989,FFF6E6
2.14,F,FFDC98,2EA9B0
2.14,F,FFF6E6,79B989
2.15,F,2EA9B0,E0DFF1
2.15,F,575656,EA5D4E
2.15,F,A2A4C1,EFF1F3
2.15,F,E0DFF1,2EA9B0
2.15,F,EA5D4E,575656
2.15,F,EFF1F3,A2A4C1
2.16,F,A2A0D0,FFEECE
2.16,F,FFEECE,A2A0D0
2.17,F,45A86C,FCD6B0
2.17,F,E2EEE3,EF826E
2.17,F,EF826E,E2EEE3
2.17,F,F29330,FFF6E6
2.17,F,FCD6B0,45A86C
2.17,F,FFF6E6,F29330
2.18,F,A2A0D0,EFF1F3
2.18,F,E1EEF0,EF826E
2.18,F,EF826E,E1EEF0
2.18,F,EFF1F3,A2A0D0
2.19,F,2EA9B0,DFE3E7
2.19,F,6567AD,F29330
2.19,F,8482BE,F9C187
2.19,F,DFE3E7,2EA9B0
2.19,F,F29330,6567AD
2.19,F,F9C187,8482BE
2.21,F,6FBAC0,FFFFFF
2.21,F,EA5D4E,F8C5B6
2.21,F,F8C5B6,EA5D4E
2.21,F,FFFFFF,6FBAC0
2.22,F,6567AD,79B989
2.22,F,79B989,6567AD
2.22,F,878786,F9C187
2.22,F,F9C187,878786
2.23,F,747CA3,A0CAA7
2.23,F,747CA3,A1CAA6
2.23,F,A0CAA7,747CA3
2.23,F,A1CAA6,747CA3
2.23,F,D0D0E0,EA5D4E
2.23,F,EA5D4E,D0D0E0
2.23,F,EF826E,FDEBD8
2.23,F,FDEBD8,EF826E
2.25,F,45A86C,FFDC98
2.25,F,FFDC98,45A86C
2.26,F,45A86C,E0DFF1
2.26,F,E0DFF1,45A86C
2.27,F,A2A4C1,FFF6E6
2.27,F,EF826E,FFEECE
2.27,F,FFEECE,EF826E
2.27,F,FFF6E6,A2A4C1
2.29,F,747CA3,9BCBD0
2.29,F,747CA3,C1BFE1
2.29,F,9BCBD0,747CA3
2.29,F,C1BFE1,747CA3
2.29,F,EF826E,EFF1F3
2.29,F,EFF1F3,EF826E
2.30,F,1D1D1B,575656
2.30,F,2EA9B0,FFE5B3
2.30,F,45A86C,DFE3E7
2.30,F,575656,1D1D1B
2.30,F,6567AD,6FBAC0
2.30,F,6FBAC0,6567AD
2.30,F,79B989,FFFFFF
2.30,F,8482BE,F8C5B6
2.30,F,A2A0D0,FFF6E6
2.30,F,DFE3E7,45A86C
2.30,F,F8C5B6,8482BE
2.30,F,FFE5B3,2EA9B0
2.30,F,FFF6E6,A2A0D0
2.30,F,FFFFFF,79B989
2.31,F,2EA9B0,FCE3DA
2.31,F,45A86C,475989
2.31,F,475989,45A86C
2.31,F,CED6DB,EA5D4E
2.31,F,EA5D4E,CED6DB
2.31,F,FCE3DA,2EA9B0
2.32,F,8482BE,D0D0E0
2.32,F,D0D0E0,8482BE
2.33,F,878786,F8C5B6
2.33,F,F29330,FFFFFF
2.33,F,F8C5B6,878786
2.33,F,FFFFFF,F29330
2.35,F,878786,D0D0E0
2.35,F,D0D0E0,878786
2.36,F,2EA9B0,E2EEE3
2.36,F,E2EEE3,2EA9B0
2.37,F,C1DDE0,EA5D4E
2.37,F,EA5D4E,C1DDE0
2.38,F,2EA9B0,E1EEF0
2.38,F,E1EEF0,2EA9B0
2.40,F,747CA3,BDC9CF
2.40,F,BDC9CF,747CA3
2.41,F,45A86C,FFE5B3
2.41,F,8482BE,CED6DB
2.41,F,CED6DB,8482BE
2.41,F,EA5D4E,FED47A
2.41,F,FED47A,EA5D4E
2.41,F,FFE5B3,45A86C
2.42,F,2EA9B0,475989
2.42,F,45A86C,FCE3DA
2.42,F,475989,2EA9B0
2.42,F,6567AD,B3B2B2
2.42,F,B3B2B2,6567AD
2.42,F,EF826E,FFF6E6
2.42,F,FCE3DA,45A86C
2.42,F,FFF6E6,EF826E
2.43,F,2EA9B0,FDEBD8
2.43,F,A2A4C1,FFFFFF
2.43,F,DADADA,EA5D4E
2.43,F,EA5D4E,DADADA
2.43,F,FDEBD8,2EA9B0
2.43,F,FFFFFF,A2A4C1
2.44,F,878786,CED6DB
2.44,F,CED6DB,878786
2.45,F,1D1D1B,475989
2.45,F,475989,1D1D1B
2.46,F,45A86C,575656
2.46,F,575656,45A86C
2.47,F,2EA9B0,FFEECE
2.47,F,A2A0D0,FFFFFF
2.47,F,FFEECE,2EA9B0
2.47,F,FFFFFF,A2A0D0
2.48,F,45A86C,E2EEE3
2.48,F,8482BE,C1DDE0
2.48,F,C1DDE0,8482BE
2.48,F,E2EEE3,45A86C
2.49,F,EA5D4E,FCD6B0
2.49,F,FCD6B0,EA5D4E
2.50,F,2EA9B0,EFF1F3
2.50,F,45A86C,E1EEF0
2.50,F,E1EEF0,45A86C
2.50,F,EFF1F3,2EA9B0
2.51,F,8482BE,FED47A
2.51,F,878786,C1DDE0
2.51,F,C1DDE0,878786
2.51,F,FED47A,8482BE
2.52,F,747CA3,F9C187
2.52,F,F9C187,747CA3
2.53,F,8482BE,DADADA
2.53,F,DADADA,8482BE
2.55,F,45A86C,FDEBD8
2.55,F,878786,FED47A
2.55,F,FDEBD8,45A86C
2.55,F,FED47A,878786
2.57,F,6567AD,F3A491
2.57,F,878786,DADADA
2.57,F,DADADA,878786
2.57,F,F3A491,6567AD
2.58,F,2EA9B0,575656
2.58,F,575656,2EA9B0
2.58,F,EA5D4E,FFDC98
2.58,F,FFDC98,EA5D4E
2.59,F,45A86C,FFEECE
2.59,F,8482BE,FCD6B0
2.59,F,E0DFF1,EA5D4E
2.59,F,EA5D4E,E0DFF1
2.59,F,EF826E,FFFFFF
2.59,F,FCD6B0,8482BE
2.59,F,FFEECE,45A86C
2.59,F,FFFFFF,EF826E
2.61,F,193E72,747CA3
2.61,F,747CA3,193E72
2.62,F,45A86C,EFF1F3
2.62,F,6567AD,ACBCC4
2.62,F,ACBCC4,6567AD
2.62,F,EFF1F3,45A86C
2.63,F,2EA9B0,FFF6E6
2.63,F,878786,FCD6B0
2.63,F,DFE3E7,EA5D4E
2.63,F,EA5D4E,DFE3E7
2.63,F,FCD6B0,878786
2.63,F,FFF6E6,2EA9B0
2.64,F,475989,EF826E
2.64,F,747CA3,F8C5B6
2.64,F,EF826E,475989
2.64,F,F8C5B6,747CA3
2.66,F,6567AD,F6AB5D
2.66,F,F6AB5D,6567AD
2.67,F,747CA3,D0D0E0
2.67,F,D0D0E0,747CA3
2.69,F,8482BE,FFDC98
2.69,F,FFDC98,8482BE
2.70,F,8482BE,E0DFF1
2.70,F,E0DFF1,8482BE
2.72,F,878786,FFDC98
2.72,F,FFDC98,878786
2.73,F,878786,E0DFF1
2.73,F,E0DFF1,878786
2.75,F,8482BE,DFE3E7
2.75,F,DFE3E7,8482BE
2.76,F,45A86C,FFF6E6
2.76,F,747CA3,CED6DB
2.76,F,CED6DB,747CA3
2.76,F,FFF6E6,45A86C
2.77,F,475989,A2A0D0
2.77,F,A2A0D0,475989
2.77,F,EA5D4E,FCE3DA
2.77,F,EA5D4E,FFE5B3
2.77,F,FCE3DA,EA5D4E
2.77,F,FFE5B3,EA5D4E
2.78,F,878786,DFE3E7
2.78,F,DFE3E7,878786
2.80,F,6567AD,A0CAA7
2.80,F,A0CAA7,6567AD
2.81,F,475989,A2A4C1
2.81,F,575656,EF826E
2.81,F,6567AD,A1CAA6
2.81,F,A1CAA6,6567AD
2.81,F,A2A4C1,475989
2.81,F,EF826E,575656
2.83,F,2EA9B0,FFFFFF
2.83,F,FFFFFF,2EA9B0
2.84,F,747CA3,C1DDE0
2.84,F,C1DDE0,747CA3
2.84,F,E2EEE3,EA5D4E
2.84,F,EA5D4E,E2EEE3
2.86,F,E1EEF0,EA5D4E
2.86,F,EA5D4E,E1EEF0
2.88,F,6567AD,C1BFE1
2.88,F,C1BFE1,6567AD
2.89,F,6567AD,9BCBD0
2.89,F,747CA3,FED47A
2.89,F,8482BE,FCE3DA
2.89,F,8482BE,FFE5B3
2.89,F,9BCBD0,6567AD
2.89,F,FCE3DA,8482BE
2.89,F,FED47A,747CA3
2.89,F,FFE5B3,8482BE
2.91,F,747CA3,DADADA
2.91,F,DADADA,747CA3
2.92,F,878786,FFE5B3
2.92,F,EA5D4E,FDEBD8
2.92,F,FDEBD8,EA5D4E
2.92,F,FFE5B3,878786
2.93,F,878786,FCE3DA
2.93,F,FCE3DA,878786
2.94,F,475989,F29330
2.94,F,F29330,475989
2.95,F,193E72,878786
2.95,F,575656,A2A0D0
2.95,F,878786,193E72
2.95,F,A2A0D0,575656
2.96,F,8482BE,E2EEE3
2.96,F,E2EEE3,8482BE
2.97,F,45A86C,FFFFFF
2.97,F,EA5D4E,FFEECE
2.97,F,FFEECE,EA5D4E
2.97,F,FFFFFF,45A86C
2.98,F,475989,79B989
2.98,F,747CA3,FCD6B0
2.98,F,79B989,475989
2.98,F,8482BE,E1EEF0
2.98,F,E1EEF0,8482BE
2.98,F,FCD6B0,747CA3
2.99,F,193E72,8482BE
2.99,F,8482BE,193E72
3.00,G,575656,A2A4C1
3.00,G,878786,E2EEE3
3.00,G,A2A4C1,575656
3.00,G,E2EEE3,878786
3.00,G,EA5D4E,EFF1F3
3.00,G,EFF1F3,EA5D4E
3.02,G,878786,E1EEF0
3.02,G,E1EEF0,878786
3.03,G,6567AD,BDC9CF
3.03,G,BDC9CF,6567AD
3.05,G,8482BE,FDEBD8
3.05,G,FDEBD8,8482BE
3.09,G,475989,6FBAC0
3.09,G,6FBAC0,475989
3.09,G,747CA3,FFDC98
3.09,G,878786,FDEBD8
3.09,G,FDEBD8,878786
3.09,G,FFDC98,747CA3
3.10,G,747CA3,E0DFF1
3.10,G,8482BE,FFEECE
3.10,G,E0DFF1,747CA3
3.10,G,FFEECE,8482BE
3.12,G,193E72,EA5D4E
3.12,G,EA5D4E,193E72
3.13,G,575656,F29330
3.13,G,8482BE,EFF1F3
3.13,G,EFF1F3,8482BE
3.13,G,F29330,575656
3.14,G,878786,FFEECE
3.14,G,FFEECE,878786
3.15,G,747CA3,DFE3E7
3.15,G,DFE3E7,747CA3
3.17,G,575656,79B989
3.17,G,6567AD,F9C187
3.17,G,79B989,575656
3.17,G,878786,EFF1F3
3.17,G,EA5D4E,FFF6E6
3.17,G,EFF1F3,878786
3.17,G,F9C187,6567AD
3.17,G,FFF6E6,EA5D4E
3.24,G,475989,B3B2B2
3.24,G,B3B2B2,475989
3.29,G,1D1D1B,6567AD
3.29,G,575656,6FBAC0
3.29,G,6567AD,1D1D1B
3.29,G,6FBAC0,575656
3.30,G,8482BE,FFF6E6
3.30,G,FFF6E6,8482BE
3.31,G,747CA3,FFE5B3
3.31,G,FFE5B3,747CA3
3.32,G,747CA3,FCE3DA
3.32,G,FCE3DA,747CA3
3.33,G,6567AD,F8C5B6
3.33,G,F8C5B6,6567AD
3.35,G,878786,FFF6E6
3.35,G,FFF6E6,878786
3.36,G,6567AD,D0D0E0
3.36,G,D0D0E0,6567AD
3.40,G,747CA3,E2EEE3
3.40,G,E2EEE3,747CA3
3.40,G,EA5D4E,FFFFFF
3.40,G,FFFFFF,EA5D4E
3.43,G,747CA3,E1EEF0
3.43,G,E1EEF0,747CA3
3.44,G,475989,F3A491
3.44,G,F3A491,475989
3.45,G,575656,B3B2B2
3.45,G,B3B2B2,575656
3.48,G,6567AD,CED6DB
3.48,G,CED6DB,6567AD
3.50,G,747CA3,FDEBD8
3.50,G,FDEBD8,747CA3
3.51,G,475989,ACBCC4
3.51,G,ACBCC4,475989
3.54,G,8482BE,FFFFFF
3.54,G,FFFFFF,8482BE
3.56,G,475989,F6AB5D
3.56,G,747CA3,FFEECE
3.56,G,F6AB5D,475989
3.56,G,FFEECE,747CA3
3.58,G,193E72,45A86C
3.58,G,45A86C,193E72
3.58,G,6567AD,C1DDE0
3.58,G,C1DDE0,6567AD
3.59,G,747CA3,EFF1F3
3.59,G,878786,FFFFFF
3.59,G,EFF1F3,747CA3
3.59,G,FFFFFF,878786
3.63,G,6567AD,FED47A
3.63,G,FED47A,6567AD
3.66,G,575656,F3A491
3.66,G,6567AD,DADADA
3.66,G,DADADA,6567AD
3.66,G,F3A491,575656
3.74,G,575656,ACBCC4
3.74,G,ACBCC4,575656
3.75,G,193E72,2EA9B0
3.75,G,2EA9B0,193E72
3.75,G,6567AD,FCD6B0
3.75,G,FCD6B0,6567AD
3.76,G,475989,A0CAA7
3.76,G,475989,A1CAA6
3.76,G,A0CAA7,475989
3.76,G,A1CAA6,475989
3.79,G,575656,F6AB5D
3.79,G,747CA3,FFF6E6
3.79,G,F6AB5D,575656
3.79,G,FFF6E6,747CA3
3.86,G,475989,C1BFE1
3.86,G,C1BFE1,475989
3.87,G,475989,9BCBD0
3.87,G,9BCBD0,475989
3.89,G,6567AD,FFDC98
3.89,G,FFDC98,6567AD
3.90,G,6567AD,E0DFF1
3.90,G,E0DFF1,6567AD
3.97,G,6567AD,DFE3E7
3.97,G,DFE3E7,6567AD
4.00,G,575656,A0CAA7
4.00,G,A0CAA7,575656
4.01,G,575656,A1CAA6
4.01,G,A1CAA6,575656
4.06,G,475989,BDC9CF
4.06,G,BDC9CF,475989
4.07,G,747CA3,FFFFFF
4.07,G,FFFFFF,747CA3
4.09,G,193E72,EF826E
4.09,G,EF826E,193E72
4.11,G,575656,C1BFE1
4.11,G,C1BFE1,575656
4.12,G,575656,9BCBD0
4.12,G,9BCBD0,575656
4.14,G,1D1D1B,747CA3
4.14,G,747CA3,1D1D1B
4.17,G,6567AD,FFE5B3
4.17,G,FFE5B3,6567AD
4.18,G,6567AD,FCE3DA
4.18,G,FCE3DA,6567AD
4.25,G,475989,F9C187
4.25,G,F9C187,475989
4.28,G,6567AD,E2EEE3
4.28,G,E2EEE3,6567AD
4.29,G,193E72,A2A0D0
4.29,G,A2A0D0,193E72
4.31,G,6567AD,E1EEF0
4.31,G,E1EEF0,6567AD
4.32,G,575656,BDC9CF
4.32,G,BDC9CF,575656
4.36,G,193E72,A2A4C1
4.36,G,A2A4C1,193E72
4.40,G,6567AD,FDEBD8
4.40,G,FDEBD8,6567AD
4.46,G,475989,F8C5B6
4.46,G,F8C5B6,475989
4.48,G,6567AD,FFEECE
4.48,G,FFEECE,6567AD
4.50,AA,475989,D0D0E0
4.50,AA,D0D0E0,475989
4.52,AA,6567AD,EFF1F3
4.52,AA,EFF1F3,6567AD
4.53,AA,575656,F9C187
4.53,AA,F9C187,575656
4.55,AA,193E72,F29330
4.55,AA,F29330,193E72
4.61,AA,193E72,79B989
4.61,AA,79B989,193E72
4.66,AA,475989,CED6DB
4.66,AA,CED6DB,475989
4.69,AA,1D1D1B,878786
4.69,AA,878786,1D1D1B
4.75,AA,1D1D1B,8482BE
4.75,AA,575656,F8C5B6
4.75,AA,8482BE,1D1D1B
4.75,AA,F8C5B6,575656
4.77,AA,6567AD,FFF6E6
4.77,AA,FFF6E6,6567AD
4.79,AA,193E72,6FBAC0
4.79,AA,6FBAC0,193E72
4.80,AA,475989,C1DDE0
4.80,AA,575656,D0D0E0
4.80,AA,C1DDE0,475989
4.80,AA,D0D0E0,575656
4.87,AA,475989,FED47A
4.87,AA,FED47A,475989
4.91,AA,475989,DADADA
4.91,AA,DADADA,475989
4.96,AA,1D1D1B,EA5D4E
4.96,AA,575656,CED6DB
4.96,AA,CED6DB,575656
4.96,AA,EA5D4E,1D1D1B
5.03,AA,193E72,B3B2B2
5.03,AA,475989,FCD6B0
5.03,AA,B3B2B2,193E72
5.03,AA,FCD6B0,475989
5.11,AA,575656,C1DDE0
5.11,AA,C1DDE0,575656
5.12,AA,6567AD,FFFFFF
5.12,AA,FFFFFF,6567AD
5.19,AA,575656,FED47A
5.19,AA,FED47A,575656
5.21,AA,475989,FFDC98
5.21,AA,FFDC98,475989
5.23,AA,475989,E0DFF1
5.23,AA,575656,DADADA
5.23,AA,DADADA,575656
5.23,AA,E0DFF1,475989
5.32,AA,475989,DFE3E7
5.32,AA,DFE3E7,475989
5.33,AA,193E72,F3A491
5.33,AA,F3A491,193E72
5.35,AA,575656,FCD6B0
5.35,AA,FCD6B0,575656
5.44,AA,193E72,ACBCC4
5.44,AA,ACBCC4,193E72
5.52,AA,193E72,F6AB5D
5.52,AA,F6AB5D,193E72
5.55,AA,575656,FFDC98
5.55,AA,FFDC98,575656
5.57,AA,575656,E0DFF1
5.57,AA,E0DFF1,575656
5.59,AA,475989,FFE5B3
5.59,AA,FFE5B3,475989
5.60,AA,475989,FCE3DA
5.60,AA,FCE3DA,475989
5.67,AA,575656,DFE3E7
5.67,AA,DFE3E7,575656
5.68,AA,1D1D1B,45A86C
5.68,AA,45A86C,1D1D1B
5.74,AA,475989,E2EEE3
5.74,AA,E2EEE3,475989
5.78,AA,475989,E1EEF0
5.78,AA,E1EEF0,475989
5.82,AA,193E72,A0CAA7
5.82,AA,A0CAA7,193E72
5.83,AA,193E72,A1CAA6
5.83,AA,A1CAA6,193E72
5.90,AA,475989,FDEBD8
5.90,AA,FDEBD8,475989
5.96,AA,1D1D1B,2EA9B0
5.96,AA,2EA9B0,1D1D1B
5.96,AA,575656,FFE5B3
5.96,AA,FFE5B3,575656
5.97,AA,575656,FCE3DA
5.97,AA,FCE3DA,575656
5.98,AA,193E72,C1BFE1
5.98,AA,C1BFE1,193E72
6.00,AA,193E72,9BCBD0
6.00,AA,475989,FFEECE
6.00,AA,9BCBD0,193E72
6.00,AA,FFEECE,475989
6.06,AA,475989,EFF1F3
6.06,AA,EFF1F3,475989
6.12,AA,575656,E2EEE3
6.12,AA,E2EEE3,575656
6.16,AA,575656,E1EEF0
6.16,AA,E1EEF0,575656
6.28,AA,575656,FDEBD8
6.28,AA,FDEBD8,575656
6.29,AA,193E72,BDC9CF
6.29,AA,BDC9CF,193E72
6.40,AA,475989,FFF6E6
6.40,AA,575656,FFEECE
6.40,AA,FFEECE,575656
6.40,AA,FFF6E6,475989
6.46,AA,575656,EFF1F3
6.46,AA,EFF1F3,575656
6.50,AA,1D1D1B,EF826E
6.50,AA,EF826E,1D1D1B
6.59,AA,193E72,F9C187
6.59,AA,F9C187,193E72
6.81,AA,1D1D1B,A2A0D0
6.81,AA,575656,FFF6E6
6.81,AA,A2A0D0,1D1D1B
6.81,AA,FFF6E6,575656
6.86,AA,475989,FFFFFF
6.86,AA,FFFFFF,475989
6.91,AA,193E72,F8C5B6
6.91,AA,F8C5B6,193E72
6.92,AA,1D1D1B,A2A4C1
6.92,AA,A2A4C1,1D1D1B
6.98,AA,193E72,D0D0E0
6.98,AA,D0D0E0,193E72
7.22,AAA,193E72,CED6DB
7.22,AAA,1D1D1B,F29330
7.22,AAA,CED6DB,193E72
7.22,AAA,F29330,1D1D1B
7.31,AAA,575656,FFFFFF
7.31,AAA,FFFFFF,575656
7.32,AAA,1D1D1B,79B989
7.32,AAA,79B989,1D1D1B
7.44,AAA,193E72,C1DDE0
7.44,AAA,C1DDE0,193E72
7.55,AAA,193E72,FED47A
7.55,AAA,FED47A,193E72
7.60,AAA,1D1D1B,6FBAC0
7.60,AAA,6FBAC0,1D1D1B
7.61,AAA,193E72,DADADA
7.61,AAA,DADADA,193E72
7.79,AAA,193E72,FCD6B0
7.79,AAA,FCD6B0,193E72
7.98,AAA,1D1D1B,B3B2B2
7.98,AAA,B3B2B2,1D1D1B
8.07,AAA,193E72,FFDC98
8.07,AAA,FFDC98,193E72
8.10,AAA,193E72,E0DFF1
8.10,AAA,E0DFF1,193E72
8.24,AAA,193E72,DFE3E7
8.24,AAA,DFE3E7,193E72
8.46,AAA,1D1D1B,F3A491
8.46,AAA,F3A491,1D1D1B
8.63,AAA,1D1D1B,ACBCC4
8.63,AAA,ACBCC4,1D1D1B
8.67,AAA,193E72,FFE5B3
8.67,AAA,FFE5B3,193E72
8.68,AAA,193E72,FCE3DA
8.68,AAA,FCE3DA,193E72
8.76,AAA,1D1D1B,F6AB5D
8.76,AAA,F6AB5D,1D1D1B
8.90,AAA,193E72,E2EEE3
8.90,AAA,E2EEE3,193E72
8.96,AAA,193E72,E1EEF0
8.96,AAA,E1EEF0,193E72
9.14,AAA,193E72,FDEBD8
9.14,AAA,FDEBD8,193E72
9.24,AAA,1D1D1B,A0CAA7
9.24,AAA,A0CAA7,1D1D1B
9.25,AAA,1D1D1B,A1CAA6
9.25,AAA,A1CAA6,1D1D1B
9.31,AAA,193E72,FFEECE
9.31,AAA,FFEECE,193E72
9.39,AAA,193E72,EFF1F3
9.39,AAA,EFF1F3,193E72
9.49,AAA,1D1D1B,C1BFE1
9.49,AAA,C1BFE1,1D1D1B
9.52,AAA,1D1D1B,9BCBD0
9.52,AAA,9BCBD0,1D1D1B
9.92,AAA,193E72,FFF6E6
9.92,AAA,FFF6E6,193E72
9.98,AAA,1D1D1B,BDC9CF
9.98,AAA,BDC9CF,1D1D1B
10.4,AAA,1D1D1B,F9C187
10.4,AAA,F9C187,1D1D1B
10.6,AAA,193E72,FFFFFF
10.6,AAA,FFFFFF,193E72
10.9,AAA,1D1D1B,F8C5B6
10.9,AAA,F8C5B6,1D1D1B
11.0,AAA,1D1D1B,D0D0E0
11.0,AAA,D0D0E0,1D1D1B
11.4,AAA,1D1D1B,CED6DB
11.4,AAA,CED6DB,1D1D1B
11.8,AAA,1D1D1B,C1DDE0
11.8,AAA,C1DDE0,1D1D1B
11.9,AAA,1D1D1B,FED47A
11.9,AAA,FED47A,1D1D1B
12.0,AAA,1D1D1B,DADADA
12.0,AAA,DADADA,1D1D1B
12.3,AAA,1D1D1B,FCD6B0
12.3,AAA,FCD6B0,1D1D1B
12.8,AAA,1D1D1B,E0DFF1
12.8,AAA,1D1D1B,FFDC98
12.8,AAA,E0DFF1,1D1D1B
12.8,AAA,FFDC98,1D1D1B
13.0,AAA,1D1D1B,DFE3E7
13.0,AAA,DFE3E7,1D1D1B
13.7,AAA,1D1D1B,FCE3DA
13.7,AAA,1D1D1B,FFE5B3
13.7,AAA,FCE3DA,1D1D1B
13.7,AAA,FFE5B3,1D1D1B
14.1,AAA,1D1D1B,E2EEE3
14.1,AAA,E2EEE3,1D1D1B
14.2,AAA,1D1D1B,E1EEF0
14.2,AAA,E1EEF0,1D1D1B
14.5,AAA,1D1D1B,FDEBD8
14.5,AAA,FDEBD8,1D1D1B
14.7,AAA,1D1D1B,FFEECE
14.7,AAA,FFEECE,1D1D1B
14.9,AAA,1D1D1B,EFF1F3
14.9,AAA,EFF1F3,1D1D1B
15.7,AAA,1D1D1B,FFF6E6
15.7,AAA,FFF6E6,1D1D1B
16.8,AAA,1D1D1B,FFFFFF
16.8,AAA,FFFFFF,1D1D1B
