<hackpackage>
  <name>Help: Assignments (Submit)</name>
  <identifier>ASS-SUB-HELP</identifier>
  <description>Help with submitting assignments</description>
  <developerName>Matthew Deeprose</developerName>
  <developerInstitution>University of Southampton</developerInstitution>
  <developerURL>http://bit.ly/2IVuG4t</developerURL>
  <developerEmail>M.Deeprose@soton.ac.uk</developerEmail>
  <hook>tag.learningSystemPage.start</hook>
  <restrictions>
    <restriction>
      <type>URL</type>
      <value>(.*/webapps/assignment/uploadAssignment?.*|.*/upload_assignment\.jsp)</value>
      <inverse>false</inverse>
    </restriction>
    <restriction>
      <type>COURSE_ROLE</type>
      <value>S</value>
      <inverse>false</inverse>
    </restriction>
  </restrictions>
  <resources>
    <resource>
      <path>help.png</path>
      <mime>image/png</mime>
      <embed>false</embed>
    </resource>
  </resources>
  <priority>0</priority>
</hackpackage>