<hackpackage>
  <name>Help: Users (Add)</name>
  <identifier>USER-ADD-HELP</identifier>
  <description>Yellow Box that appears when adding a user to a course</description>
  <developerName>Matthew Deeprose</developerName>
  <developerInstitution>University of Southampton</developerInstitution>
  <developerURL>http://bit.ly/2IVuG4t</developerURL>
  <developerEmail>M.Deeprose@soton.ac.uk</developerEmail>
  <hook>tag.learningSystemPage.start</hook>
  <restrictions>
    <restriction>
      <type>URL</type>
      <value>(.*/webapps/blackboard/execute/editCourseEnrollment?.*|.*/edit_course_enrollment\.jsp)</value>
      <inverse>false</inverse>
    </restriction>
    <restriction>
      <type>COURSE_ROLE</type>
      <value>(P|T|B|G)</value>
      <inverse>false</inverse>
    </restriction>
  </restrictions>
  <resources>
    <resource>
      <path>help.png</path>
      <mime>image/png</mime>
      <embed>false</embed>
    </resource>
  </resources>
  <priority>0</priority>
</hackpackage>